run,method,defect,mode,n_samples,relax_converged,success_before_relax,success_before_relax_lo,success_before_relax_hi,success_after_relax,success_after_relax_lo,success_after_relax_hi,seconds_total,seconds_per_success,local.w1_pe_atom,local.w1_pe_atom_lo,local.w1_pe_atom_hi,local.w1_bond_angle,local.w1_bond_angle_lo,local.w1_bond_angle_hi,local.w1_pair_AA,local.w1_pair_AA_lo,local.w1_pair_AA_hi,local.w1_pair_AB,local.w1_pair_AB_lo,local.w1_pair_AB_hi,local.w1_pair_BB,local.w1_pair_BB_lo,local.w1_pair_BB_hi,local.w1_relax_disp,local.w1_relax_disp_lo,local.w1_relax_disp_hi,local.frac_pe_above_ref_p99,local.frac_pe_above_ref_p99_lo,local.frac_pe_above_ref_p99_hi,local.min_pair_dist,local.min_pair_dist_lo,local.min_pair_dist_hi,local.overlap_rate,local.overlap_rate_lo,local.overlap_rate_hi,global.gr_l1_AA,global.gr_l1_AB,global.gr_l1_BB,global.w1_pe_atom,global.pe_atom_mean,global.psi6_global_mean,global.crystallized_fraction,global.bb_per_b,diversity.spread_ratio,diversity.nn_train_ratio,kind,n_windows,local_unrelaxed.w1_pe_atom,local_unrelaxed.w1_pe_atom_lo,local_unrelaxed.w1_pe_atom_hi,local_unrelaxed.w1_bond_angle,local_unrelaxed.w1_bond_angle_lo,local_unrelaxed.w1_bond_angle_hi,local_unrelaxed.w1_pair_AA,local_unrelaxed.w1_pair_AA_lo,local_unrelaxed.w1_pair_AA_hi,local_unrelaxed.w1_pair_AB,local_unrelaxed.w1_pair_AB_lo,local_unrelaxed.w1_pair_AB_hi,local_unrelaxed.w1_pair_BB,local_unrelaxed.w1_pair_BB_lo,local_unrelaxed.w1_pair_BB_hi,local_unrelaxed.w1_relax_disp,local_unrelaxed.w1_relax_disp_lo,local_unrelaxed.w1_relax_disp_hi,local_unrelaxed.frac_pe_above_ref_p99,local_unrelaxed.frac_pe_above_ref_p99_lo,local_unrelaxed.frac_pe_above_ref_p99_hi,local_unrelaxed.min_pair_dist,local_unrelaxed.min_pair_dist_lo,local_unrelaxed.min_pair_dist_hi,local_unrelaxed.overlap_rate,local_unrelaxed.overlap_rate_lo,local_unrelaxed.overlap_rate_hi
/kaggle/working/idl-project/eval/20261006-092125Z_B1_smax1_s100_centre_D1_MINUS,B1_smax1_s100_centre_D1_MINUS,D1_MINUS,centre,256,1.0,0.0,0.0,0.0,0.00390625,0.0,0.01171875,632.0078082084656,632.0078082084656,0.08323876301184832,0.07781910419847608,0.08917430335743136,0.0071843240273633015,0.006308820404623755,0.008091782501761262,0.011610440165033736,0.01011781994478272,0.013330066466505785,0.019306377000293362,0.017596067969040483,0.02098709093900875,0.046272188143057266,0.041336071266934525,0.05124387192927256,0.22821288533583897,0.2209093999287203,0.23653191000737278,0.0013914997385240952,0.0006910960640926748,0.0022062632393012103,0.8496596868556906,0.8490693485324813,0.8502428177580383,0.0,0.0,0.0,0.17939024796992198,0.24393527047442315,0.45099535005917496,0.045974748510717145,-3.687156837448348,0.03677908694260821,0.0,0.33602430555555557,0.9706817674306022,1.0095194578170776,,,,,,,,,,,,,,,,,,,,,,,,,,,,,
/kaggle/working/idl-project/eval/20261006-134210Z_B1_smax1_s100_centre_D1_PLUS,B1_smax1_s100_centre_D1_PLUS,D1_PLUS,centre,256,1.0,0.0234375,0.0078125,0.04296875,0.00390625,0.0,0.01171875,609.6099298000336,609.6099298000336,0.06962216745026763,0.06508866111164617,0.07380114017665718,0.0183177410268191,0.01734660725407311,0.01931659016879463,0.012228305019558468,0.010215190411028904,0.014129590637948863,0.025016003865538504,0.023260157674168593,0.026703565507225246,0.05125902600357848,0.04653103251715924,0.05598824334785769,0.22821288533583897,0.2209093999287203,0.23653191000737278,0.0040575502869905885,0.0026899633625348815,0.005586496040136653,0.8496596868556906,0.8490693485324813,0.8502428177580383,0.0,0.0,0.0,0.17939024796992198,0.24393527047442315,0.45099535005917496,0.045974748510717145,-3.687156837448348,0.03677908694260821,0.0,0.33602430555555557,1.0755576353098952,1.1066941022872925,,,,,,,,,,,,,,,,,,,,,,,,,,,,,
/kaggle/working/idl-project/eval/20261006-062805Z_B1_smax1_s100_centre_D2,B1_smax1_s100_centre_D2,D2,centre,256,1.0,0.00390625,0.0,0.01171875,0.01953125,0.00390625,0.0390625,622.3625717163086,124.47251434326172,0.06403442695736489,0.05955467360267711,0.06822666146840758,0.014448784291941987,0.013478317129524426,0.01544109651673354,0.012631728392475478,0.010632346846701408,0.014520594722092989,0.022944648884382492,0.021105394473157492,0.0247060095687146,0.0504249106503265,0.04559142576012034,0.055220533257139805,0.22821288533583897,0.2209093999287203,0.23653191000737278,0.004287528641968944,0.0028508609260217256,0.00588339852546451,0.8496596868556906,0.8490693485324813,0.8502428177580383,0.0,0.0,0.0,0.17939024796992198,0.24393527047442315,0.45099535005917496,0.045974748510717145,-3.687156837448348,0.03677908694260821,0.0,0.33602430555555557,1.07194766300649,1.0987275838851929,,,,,,,,,,,,,,,,,,,,,,,,,,,,,
/content/drive/MyDrive/idl-project/eval/20261004-191513Z_B1_uncond_centre_D1_MINUS,B1_uncond_centre_D1_MINUS,D1_MINUS,centre,256,1.0,0.0,0.0,0.0,0.0078125,0.0,0.01953125,640.6106102466583,320.30530512332916,0.11923262661202688,0.11324007235156855,0.12489221840876727,0.01046560319958853,0.009634234464536004,0.011414781244991335,0.02150516492451198,0.019723034310159895,0.02307602109492636,0.030790903545079375,0.02921303661537108,0.03230795301450627,0.08617339961853493,0.08097487971375966,0.09108596760955724,0.13893509522782146,0.13262249290787625,0.14509993372529278,0.0004818404634581105,0.00011488970588235294,0.0009789995543672014,0.8511886788529737,0.8505743824200915,0.8518113745679203,0.0,0.0,0.0,0.30801630233387134,0.4914186243034349,0.91312919673209,0.07975719239977629,-3.7198976238906467,0.03198329336795444,0.0,,0.9370757788172621,1.046714186668396,,,,,,,,,,,,,,,,,,,,,,,,,,,,,
/content/drive/MyDrive/idl-project/eval/20261004-210726Z_B1_uncond_centre_D1_PLUS,B1_uncond_centre_D1_PLUS,D1_PLUS,centre,256,1.0,0.00390625,0.0,0.01171875,0.0,0.0,0.0,642.209246635437,inf,0.0897192107214587,0.0852544370195461,0.09427287925378679,0.021734413164413227,0.020857426058495436,0.022646258137081036,0.023013733642492595,0.02108197372043338,0.024788078347346705,0.03590258078137029,0.03424918205171349,0.03753968151305919,0.08992225573856358,0.08493673793021964,0.09476244777160737,0.13893509522782146,0.13262249290787625,0.14509993372529278,0.002729219389292252,0.0015250746970265992,0.004079243033452536,0.8511886788529737,0.8505743824200915,0.8518113745679203,0.0,0.0,0.0,0.30801630233387134,0.4914186243034349,0.91312919673209,0.07975719239977629,-3.7198976238906467,0.03198329336795444,0.0,,1.0383207376385897,1.1958221197128296,,,,,,,,,,,,,,,,,,,,,,,,,,,,,
/content/drive/MyDrive/idl-project/eval/20261004-172224Z_B1_uncond_centre_D2,B1_uncond_centre_D2,D2,centre,256,1.0,0.0,0.0,0.0,0.0,0.0,0.0,642.5840790271759,inf,0.08728236880008772,0.08261440033607606,0.09191052212670252,0.017939756145318175,0.017077100226382647,0.018849199310655547,0.023414509309832923,0.021474687849681297,0.02518520257661094,0.034023381772780664,0.03237390105651831,0.03569945193747495,0.08958496486793396,0.08455403699414371,0.09449884063552601,0.13893509522782146,0.13262249290787625,0.14509993372529278,0.00331146400588889,0.001988564721350723,0.004764582162536477,0.8511886788529737,0.8505743824200915,0.8518113745679203,0.0,0.0,0.0,0.30801630233387134,0.4914186243034349,0.91312919673209,0.07975719239977629,-3.7198976238906467,0.03198329336795444,0.0,,1.0348358191130174,1.1592292785644531,,,,,,,,,,,,,,,,,,,,,,,,,,,,,
/content/drive/MyDrive/idl-project/eval/20261005-025212Z_B1_uncond_s100_centre_D1_MINUS,B1_uncond_s100_centre_D1_MINUS,D1_MINUS,centre,256,1.0,0.0,0.0,0.0,0.0,0.0,0.0,118.92906498908997,inf,0.06895937879123414,0.06309545050293258,0.07487244940749091,0.0071579015581477124,0.006424292580231122,0.008189483498637488,0.01142304818611382,0.010366010187049421,0.01320450304274153,0.017934895055488387,0.01649994171703313,0.01948349810353673,0.04265407771591119,0.0381788869763789,0.047102928275790545,0.1969340749113698,0.18864041008623236,0.2050496514321623,0.002068311102579737,0.0011494468627636916,0.0031038323422004537,0.8483714069169312,0.847732936309561,0.8490170020923712,0.0,0.0,0.0,0.17953879204017886,0.23249809323973722,0.4136040712402989,0.03819461240238558,-3.6777037752439563,0.03810951335372822,0.0,0.36328125,0.9522945294270159,1.0065292119979858,,,,,,,,,,,,,,,,,,,,,,,,,,,,,
/kaggle/working/idl-project/eval/20261006-130857Z_B1_uncond_s100_centre_D1_PLUS,B1_uncond_s100_centre_D1_PLUS,D1_PLUS,centre,256,1.0,0.00390625,0.0,0.01171875,0.00390625,0.0,0.01171875,601.8768346309662,601.8768346309662,0.05966955935751976,0.05471659806253212,0.06442384242000634,0.018015409438992283,0.01697745612349006,0.019036057297760485,0.013199381844758246,0.011180480734246863,0.01531754089781278,0.023258507365948446,0.021724008804821077,0.024850955628017417,0.04253839097833627,0.03824271183159486,0.04708464827814024,0.20488086168342773,0.19643055041260807,0.2124975764748691,0.006057781201393334,0.004447973969817375,0.007704880307562982,0.8484772741840261,0.8478567862651385,0.8490883737142616,0.0,0.0,0.0,0.17502372533388352,0.2145202793853122,0.3900770136684144,0.0386667633370088,-3.6785857525481047,0.0404705810351389,0.0,0.3685763888888889,1.060861217542296,1.1145111322402954,,,,,,,,,,,,,,,,,,,,,,,,,,,,,
/content/drive/MyDrive/idl-project/eval/20261005-012401Z_B1_uncond_s100_centre_D2,B1_uncond_s100_centre_D2,D2,centre,256,1.0,0.00390625,0.0,0.01171875,0.01171875,0.0,0.02734375,118.38098645210266,39.460328817367554,0.054898509829061276,0.05027462901330119,0.06002846801531554,0.014110129548141868,0.013086828396961516,0.015299982308093145,0.012055030250792367,0.010214383983099519,0.014079090813568163,0.021917737944713626,0.02034988419840447,0.02357872978809278,0.04694311611695481,0.042560643853057294,0.05100127128390622,0.1969340749113698,0.18864041008623236,0.2050496514321623,0.0083564567257178,0.006392419917013727,0.010410479131401149,0.8483714069169312,0.847732936309561,0.8490170020923712,0.0,0.0,0.0,0.17953879204017886,0.23249809323973722,0.4136040712402989,0.03819461240238558,-3.6777037752439563,0.03810951335372822,0.0,0.36328125,1.0516422595409183,1.074268102645874,,,,,,,,,,,,,,,,,,,,,,,,,,,,,
/content/drive/MyDrive/idl-project/eval/20261005-030201Z_B1_uncond_s300_centre_D1_MINUS,B1_uncond_s300_centre_D1_MINUS,D1_MINUS,centre,256,1.0,0.0,0.0,0.0,0.0078125,0.0,0.01953125,134.2034876346588,67.1017438173294,0.09083729656886401,0.08473918719186473,0.09747903220327794,0.008273004627259963,0.007389001975253378,0.00924813593562058,0.014030648982526187,0.01229163664465007,0.0157118287394052,0.02145362422242615,0.019820314301890418,0.023028080046125374,0.05262044669563573,0.047531425549752454,0.05770168890537797,0.1915868350396665,0.18377990596045582,0.19914459567087547,0.0012485178730583142,0.0005680823465749937,0.002037079450624947,0.8490054865324721,0.84833264872625,0.8496713563442155,0.0,0.0,0.0,0.19580218470477642,0.30171942207655306,0.5633887405351435,0.052556057032673374,-3.6922061442571215,0.036476242313998125,0.0,0.30789930555555556,0.9731026728923501,1.0257405042648315,,,,,,,,,,,,,,,,,,,,,,,,,,,,,
/content/drive/MyDrive/idl-project/eval/20261005-013339Z_B1_uncond_s300_centre_D2,B1_uncond_s300_centre_D2,D2,centre,256,1.0,0.015625,0.00390625,0.03125,0.015625,0.00390625,0.03125,133.7922067642212,33.4480516910553,0.05931918755443112,0.05415061047445736,0.0642481433681113,0.015169855324107352,0.014251177177320115,0.016163876355048026,0.014693071780297245,0.01255663842558226,0.016711677447563987,0.024491188823442187,0.022774540560633896,0.026106449360593496,0.05658355911938352,0.051672948515482146,0.06154367325926418,0.1915868350396665,0.18377990596045582,0.19914459567087547,0.005310138766716017,0.0038876541849220334,0.006851010833713446,0.8490054865324721,0.84833264872625,0.8496713563442155,0.0,0.0,0.0,0.19580218470477642,0.30171942207655306,0.5633887405351435,0.052556057032673374,-3.6922061442571215,0.036476242313998125,0.0,0.30789930555555556,1.0746212039058536,1.103337287902832,,,,,,,,,,,,,,,,,,,,,,,,,,,,,
/content/drive/MyDrive/idl-project/eval/20261005-031539Z_B1_uncond_s900_centre_D1_MINUS,B1_uncond_s900_centre_D1_MINUS,D1_MINUS,centre,256,1.0,0.0,0.0,0.0,0.00390625,0.0,0.01171875,262.26958680152893,262.26958680152893,0.10637829389680176,0.09961845556344343,0.11246434024582914,0.009681875651362611,0.008746976677959048,0.010708186003997346,0.018622828346372536,0.01687184837173079,0.020315924179937998,0.026544506831859174,0.02498001191240832,0.02814473066416861,0.06999126489338814,0.0644850854430403,0.07574972400280337,0.16064780697757153,0.15358004554259627,0.16773632538109456,0.00047764019464090624,0.00011488970588235294,0.0009663987479155886,0.8501211371797082,0.8494295246112966,0.8508135357691985,0.0,0.0,0.0,0.2487305517458843,0.391059069018302,0.7147600630027497,0.06526800584637274,-3.7063684061013245,0.03535634622870726,0.0,0.25390625,0.9582871089557944,1.0253159999847412,,,,,,,,,,,,,,,,,,,,,,,,,,,,,
/content/drive/MyDrive/idl-project/eval/20261005-014634Z_B1_uncond_s900_centre_D2,B1_uncond_s900_centre_D2,D2,centre,256,1.0,0.0,0.0,0.0,0.00390625,0.0,0.01171875,262.3698363304138,262.3698363304138,0.07452322611312337,0.06911936716478188,0.07984206062735229,0.016984929345777205,0.015990232159730604,0.018065276183284608,0.019851698729696825,0.017994534980919512,0.021759648967217833,0.029358280128602976,0.027793182357717033,0.031088809888364998,0.073396711465753,0.06809086291202303,0.07907462266290216,0.16064780697757153,0.15358004554259627,0.16773632538109456,0.004668107569767541,0.00326965402390031,0.006190430560658932,0.8501211371797082,0.8494295246112966,0.8508135357691985,0.0,0.0,0.0,0.2487305517458843,0.391059069018302,0.7147600630027497,0.06526800584637274,-3.7063684061013245,0.03535634622870726,0.0,0.25390625,1.0582600124328887,1.132550835609436,,,,,,,,,,,,,,,,,,,,,,,,,,,,,
/content/drive/MyDrive/idl-project/eval/20261004-192656Z_B4_clamp_patch_D1_MINUS,B4_clamp_patch_D1_MINUS,D1_MINUS,patch,256,1.0,0.48828125,0.4296875,0.55078125,0.04296875,0.01953125,0.0703125,641.0980236530304,58.28163851391185,0.1009543690982484,0.09439907827299628,0.10743453803411354,0.007759866673071714,0.006833723142712524,0.008745196488834683,0.016311974194024484,0.014578392357192237,0.018058313091616755,0.02497757757482355,0.023315504210882545,0.02661866317522324,0.07068805602083317,0.06507665037097352,0.07587363650628332,0.18604071346958478,0.17862221478915372,0.1933864386466374,0.0013608562666467079,0.0006767716556319497,0.002162732622865895,0.8503646961802032,0.8497354432024113,0.8509854523691572,0.0,0.0,0.0,0.29392894619975024,0.4713417021374092,0.8771219912545372,0.07580444236314675,-3.7180260377040106,0.03288645233873354,0.0,,0.943588043841306,1.0197876691818237,,,,,,,,,,,,,,,,,,,,,,,,,,,,,
/content/drive/MyDrive/idl-project/eval/20261004-211912Z_B4_clamp_patch_D1_PLUS,B4_clamp_patch_D1_PLUS,D1_PLUS,patch,256,1.0,1.0,1.0,1.0,0.05078125,0.0234375,0.078125,661.5275793075562,50.88673686981201,0.05937177760456229,0.05474670617318831,0.06414739665132002,0.01676706514028141,0.015749791434299668,0.01781725361935732,0.016147776842332196,0.014412833049665728,0.018074019846999828,0.029932691515152286,0.02823232266081496,0.03161946046508283,0.06956565459949926,0.06457260614301918,0.07465725891186598,0.17294651900984886,0.1662674924288639,0.1792972376447766,0.004763754788168851,0.003365360316079813,0.006327054618860109,0.8500221990599954,0.8493976638221676,0.8506294632122519,0.0,0.0,0.0,0.27050246390352356,0.4466374756072832,0.8378819895108647,0.07082164467450901,-3.7137634800267607,0.032055074215726245,0.0,,1.0230957535870757,1.0999354124069214,,,,,,,,,,,,,,,,,,,,,,,,,,,,,
/content/drive/MyDrive/idl-project/eval/20261004-173415Z_B4_clamp_patch_D2,B4_clamp_patch_D2,D2,patch,256,1.0,1.0,1.0,1.0,0.375,0.31640625,0.43359375,627.0824761390686,6.532109126448631,0.05171360880314568,0.046533507315740956,0.05730525832179176,0.014176155792165275,0.013098793701616273,0.01538048041611498,0.01947114160913035,0.017548332555936744,0.021424685452420832,0.02720679891829053,0.025631177768920606,0.028907482476018032,0.067287828044884,0.06245955615689297,0.07236245010032546,0.16316853878349327,0.1569335290069076,0.16971396085392396,0.003610515132214169,0.0024616876735212376,0.0048606947918970215,0.849688360202111,0.8490579276078113,0.8503132176384585,0.0,0.0,0.0,0.27068902390472244,0.43887667749358494,0.8335364926962928,0.06987897427320912,-3.7132193840167917,0.03490635740125397,0.0,,1.0149628435768525,1.0777102708816528,,,,,,,,,,,,,,,,,,,,,,,,,,,,,
/kaggle/working/idl-project/eval/20261006-085900Z_B4_clamp_s100_patch_D1_MINUS,B4_clamp_s100_patch_D1_MINUS,D1_MINUS,patch,256,1.0,0.30078125,0.24609375,0.359375,0.01171875,0.0,0.02734375,598.5403089523315,199.51343631744385,0.05284765396231264,0.04651374819881252,0.059736447461999215,0.0047036822568718665,0.003939926292532398,0.005875523798462604,0.008252062738675438,0.007335609300212395,0.009327466001502931,0.011679512756313327,0.010328407226027908,0.013439366800472278,0.021757610543654896,0.017459190136534533,0.026828129311020993,0.24490211311855045,0.23776512969536148,0.252448123398152,0.002994453877668492,0.0017468610387455172,0.004371697905310324,0.8485165729215728,0.8478832363989186,0.8491397238220239,0.0,0.0,0.0,0.167978461283091,0.20664243191012913,0.3675851194105917,0.035432563810631035,-3.675831887583177,0.04043231568038615,0.0,0.3801215277777778,0.9585042290921598,1.004184603691101,,,,,,,,,,,,,,,,,,,,,,,,,,,,,
/kaggle/working/idl-project/eval/20261006-132007Z_B4_clamp_s100_patch_D1_PLUS,B4_clamp_s100_patch_D1_PLUS,D1_PLUS,patch,256,1.0,1.0,1.0,1.0,0.04296875,0.01953125,0.0703125,568.2466495037079,51.6587863185189,0.034563592819869496,0.03013453308573381,0.039669552811325684,0.013527628300802659,0.012588488102810354,0.014539722068975676,0.005967569575087535,0.005013730786651759,0.007607892549101801,0.016882269059716556,0.01535865504284222,0.018428307595427035,0.02871721735818145,0.024999977457530534,0.03311376043162238,0.23070812029655674,0.22297484908478882,0.23870722582128284,0.006516849434918251,0.004886314718514365,0.008270143408134976,0.8481045471783624,0.8475204882865304,0.8486843811223304,0.0,0.0,0.0,0.17283974788869416,0.21505662297432243,0.3528293959516534,0.03408560881340457,-3.674852970322582,0.03937025022615625,0.0,0.38862847222222224,1.0351067352740664,1.0596898794174194,,,,,,,,,,,,,,,,,,,,,,,,,,,,,
/kaggle/working/idl-project/eval/20261006-060504Z_B4_clamp_s100_patch_D2,B4_clamp_s100_patch_D2,D2,patch,256,1.0,1.0,1.0,1.0,0.34375,0.28515625,0.40234375,593.4819388389587,6.744112941351804,0.02224141424097825,0.018496152386066004,0.027118633228398942,0.010425582243817236,0.009436122672648033,0.011526988301238024,0.005001877853363306,0.004251699346446643,0.006586262909544412,0.011505199606991697,0.009857629360023112,0.013312192912241146,0.02013773260769156,0.016571162727281798,0.024490321424199386,0.2338391355644251,0.2258783350736152,0.24190314932786466,0.008395535964757013,0.0064587806685190065,0.010399787934039428,0.8481722227937549,0.8475539775402883,0.848787616018824,0.0,0.0,0.0,0.16390277678745402,0.19376343514296102,0.33620594239799945,0.03590917017599451,-3.6759068552065,0.04090832192676711,0.0,0.39461805555555557,1.0191616180358558,1.0236679315567017,,,,,,,,,,,,,,,,,,,,,,,,,,,,,
/content/drive/MyDrive/idl-project/eval/20261005-093710Z_B4_clamp_s300_patch_D1_MINUS,B4_clamp_s300_patch_D1_MINUS,D1_MINUS,patch,256,1.0,0.375,0.31640625,0.43359375,0.046875,0.0234375,0.07421875,170.68123817443848,14.22343651453654,0.08056928906732294,0.07436956362544403,0.0865133634530272,0.007000528113883252,0.006043258576781718,0.008152802326950863,0.011137579290035258,0.010153452526801594,0.012719724975906283,0.01908967086446573,0.01747021058349473,0.020838334385627006,0.04260687254590565,0.037750431446464235,0.04821123429070441,0.23976799176805053,0.2322797949339946,0.24805951021194622,0.0021902490663145754,0.0012524908546018604,0.003245785028035912,0.8490953833775785,0.8484732482666761,0.8497267274488446,0.0,0.0,0.0,0.19360282031355647,0.2875596233726913,0.5305461415796535,0.0517213796054413,-3.6914858714158303,0.03802700958291462,0.0,0.31232638888888886,0.9648808020016117,1.0130414962768555,,,,,,,,,,,,,,,,,,,,,,,,,,,,,
/content/drive/MyDrive/idl-project/eval/20261005-022546Z_B4_clamp_s300_patch_D2,B4_clamp_s300_patch_D2,D2,patch,256,1.0,1.0,1.0,1.0,0.34375,0.28515625,0.40234375,156.5335659980774,1.7787905227054248,0.028185694759812134,0.02350225143856733,0.03357070264672317,0.012257875154787113,0.011146668342353347,0.013356252495347172,0.010381042778863437,0.008479832884001368,0.012303620241259467,0.018631307651498848,0.017017300277476593,0.02030081959811589,0.037186203480395724,0.032807772902555835,0.04203092500169888,0.206941296579208,0.1993026616750234,0.214931399324022,0.006603663008764112,0.0048725594123184305,0.00851330902122923,0.8485492641960721,0.847885872232249,0.8491896516941319,0.0,0.0,0.0,0.18494954101048836,0.26379359060342217,0.500579484159126,0.04646739288063089,-3.688613700578199,0.037383415484660294,0.0,0.32404513888888886,1.006268834882844,1.030679702758789,,,,,,,,,,,,,,,,,,,,,,,,,,,,,
/content/drive/MyDrive/idl-project/eval/20261005-095136Z_B5_repaint_U10_s300_patch_D1_MINUS,B5_repaint_U10_s300_patch_D1_MINUS,D1_MINUS,patch,256,1.0,0.515625,0.453125,0.578125,0.04296875,0.01953125,0.0703125,666.8170340061188,60.61973036419261,0.07712480093359514,0.07194001163234216,0.0835821183273425,0.00717917777631469,0.0063683907142139005,0.008229836773325276,0.013425923828573452,0.011824700353298863,0.015047049660322075,0.022792692854266692,0.02121659913931841,0.024315327919251613,0.06277396681235205,0.05769795083253075,0.06794133020068734,0.18927175388031336,0.18258445150812191,0.19577348386759008,0.0012558494793674022,0.0005715472742127154,0.0020425077229061024,0.8504764928076967,0.8498198135041042,0.8511160572294746,0.0,0.0,0.0,0.27077430324894003,0.43374299014744244,0.808851569599332,0.0698793423073858,-3.713207322044078,0.03306804129536016,0.0,0.2271701388888889,0.970568903218747,1.0205998420715332,,,,,,,,,,,,,,,,,,,,,,,,,,,,,
/content/drive/MyDrive/idl-project/eval/20261005-023940Z_B5_repaint_U10_s300_patch_D2,B5_repaint_U10_s300_patch_D2,D2,patch,256,1.0,1.0,1.0,1.0,0.35546875,0.296875,0.4140625,697.2309105396271,7.6618781377981,0.048662960221327406,0.044076860808499284,0.05343144912082153,0.013390640295648478,0.01244690789410142,0.014459490901073008,0.014065330725172964,0.0123303030026123,0.016016021587776246,0.02400277350682445,0.022456949641551607,0.025727859690370287,0.05328758896101935,0.04862801611799112,0.05790769322848076,0.17244554166110565,0.1662686045804824,0.17904517923090973,0.007073388099353173,0.005140754450590445,0.009170332219181883,0.8504654229495363,0.8498019190913788,0.851119391246201,0.0,0.0,0.0,0.263111407448594,0.41995674126490873,0.7793032315909674,0.06923568262956561,-3.712184813961657,0.035729491023749,0.0,0.240625,1.0471542092257442,1.0863168239593506,,,,,,,,,,,,,,,,,,,,,,,,,,,,,
/kaggle/working/idl-project/eval/20261006-091004Z_B5_repaint_U1_s100_patch_D1_MINUS,B5_repaint_U1_s100_patch_D1_MINUS,D1_MINUS,patch,256,1.0,0.4609375,0.40234375,0.5234375,0.01953125,0.00390625,0.0390625,616.2560532093048,123.25121064186096,0.04152929057309932,0.03512100519378096,0.04776305445020814,0.003259396443233178,0.0029644152910129,0.004138976171852798,0.007443508961891665,0.006614090086102214,0.00869557895485573,0.009828892936568013,0.008773418474881002,0.011422317956485493,0.015137903408782636,0.01190944934087124,0.019757306146456093,0.25958550490518956,0.25230475350726245,0.26794917125839635,0.0046652167303962554,0.0032329536965962006,0.006204618169959466,0.8483329547015519,0.847640301327316,0.8489872017630546,0.0,0.0,0.0,0.15916864592125857,0.1960036956618612,0.35095577680763496,0.03338181925547719,-3.6755482026756527,0.03962368626075002,0.0,0.3933159722222222,0.9721545497476751,1.0053914785385132,,,,,,,,,,,,,,,,,,,,,,,,,,,,,
/kaggle/working/idl-project/eval/20261006-133045Z_B5_repaint_U1_s100_patch_D1_PLUS,B5_repaint_U1_s100_patch_D1_PLUS,D1_PLUS,patch,256,1.0,1.0,1.0,1.0,0.03515625,0.015625,0.05859375,600.4070088863373,66.7118898762597,0.05727438624993935,0.052191729132642396,0.06348745314685506,0.014251264595064381,0.01332346297061323,0.015265264581769921,0.006045655021838665,0.005355689299164077,0.006871999085030226,0.016248795002580085,0.01471598537568811,0.01781421607209026,0.024331895968119892,0.021993385125700957,0.027343587130960804,0.2428604307304634,0.23506279903351782,0.25064386971734104,0.008656644670583385,0.006759812176008242,0.010709238523085467,0.8483198499683707,0.8476636319667173,0.848952054982254,0.0,0.0,0.0,0.1680398101899361,0.2044487553614245,0.3637227187193888,0.03457478152176402,-3.6761892942045526,0.03884602725940558,0.0,0.38871527777777776,1.0486634253681153,1.0843262672424316,,,,,,,,,,,,,,,,,,,,,,,,,,,,,
/kaggle/working/idl-project/eval/20261006-061603Z_B5_repaint_U1_s100_patch_D2,B5_repaint_U1_s100_patch_D2,D2,patch,256,1.0,1.0,1.0,1.0,0.34765625,0.2890625,0.40625,657.8569741249084,7.391651394661893,0.04540411838226968,0.039671403236990053,0.051855274541718226,0.009347087346546601,0.008329654246787789,0.010453447081681985,0.004241459657254999,0.0038097616103831104,0.005210849162003406,0.013535090042653429,0.01200375376715018,0.015185274111592989,0.01902786369530962,0.017097112779859567,0.021982239163103663,0.24147669280648376,0.2331386276115282,0.2504843229147717,0.010955892041871869,0.008795823264450817,0.013239416408633829,0.8476405670125504,0.8469820086596284,0.8483007157161081,0.0,0.0,0.0,0.16879748822025178,0.20448881830903062,0.3537200150094293,0.03515865716337739,-3.673256562189028,0.04215021252852614,0.0,0.38958333333333334,1.0174254781954426,1.0388092994689941,,,,,,,,,,,,,,,,,,,,,,,,,,,,,
/content/drive/MyDrive/idl-project/eval/20261005-094056Z_B5_repaint_U1_s300_patch_D1_MINUS,B5_repaint_U1_s300_patch_D1_MINUS,D1_MINUS,patch,256,1.0,0.4375,0.375,0.5,0.01953125,0.00390625,0.0390625,151.4317545890808,30.28635091781616,0.055588053458290015,0.04951103202392964,0.06205312970279051,0.005286368238708495,0.004519269612525402,0.006407079882864901,0.007864478330596076,0.006854150238359314,0.009053860090903545,0.014401369570879265,0.012873068779670436,0.015950817546530844,0.032200535687185415,0.027505192406700484,0.036948706970712814,0.23714462460072122,0.22930928234618564,0.24473364999032832,0.0036105154186292262,0.00221865055113997,0.005173199837273687,0.8493623250259191,0.84870864612841,0.8500252522782713,0.0,0.0,0.0,0.1909186308490842,0.2777745908263393,0.5116428162293654,0.04730542961572197,-3.688743938510765,0.037535189360797264,0.0,0.3228298611111111,0.9602221881858334,1.0032291412353516,,,,,,,,,,,,,,,,,,,,,,,,,,,,,
/content/drive/MyDrive/idl-project/eval/20261005-022917Z_B5_repaint_U1_s300_patch_D2,B5_repaint_U1_s300_patch_D2,D2,patch,256,1.0,1.0,1.0,1.0,0.33984375,0.28515625,0.3984375,136.35719060897827,1.567324029988256,0.038720100795646556,0.035061626088964945,0.04359088030283152,0.011008889274542008,0.010077835397635621,0.012140795650968136,0.006885242276093143,0.00566354623337153,0.008846775296000982,0.01636539163710467,0.014803970862670525,0.01808509251415787,0.03055457036037101,0.026947252257158806,0.03497030494583695,0.2236002631225496,0.21573323811386366,0.23197953464374013,0.00880377550262364,0.006785785340856193,0.011005182395338571,0.8495525515112602,0.8488921606644058,0.8502067548686867,0.0,0.0,0.0,0.17954641475764513,0.2565278061104607,0.4785255942230412,0.0466271674136744,-3.6877202856464417,0.03668894546533173,0.0,0.33272569444444444,1.0348580709981605,1.0580883026123047,,,,,,,,,,,,,,,,,,,,,,,,,,,,,
/content/drive/MyDrive/idl-project/eval/20261005-094423Z_B5_repaint_U5_s300_patch_D1_MINUS,B5_repaint_U5_s300_patch_D1_MINUS,D1_MINUS,patch,256,1.0,0.51953125,0.45703125,0.58203125,0.046875,0.0234375,0.07421875,377.56809735298157,31.464008112748463,0.07051222009116903,0.06478892234330812,0.07672572000133755,0.006858613514637436,0.0058912666518711135,0.007970653348913836,0.011452005497534995,0.009714317049777885,0.013277279820670522,0.020007762732282698,0.01831417731885769,0.02177635079123474,0.04845746666861236,0.043208488068498765,0.05378609617216488,0.20262829336145083,0.19497025531411374,0.210534728341958,0.0025809054854376992,0.0015132111018607863,0.0037777274764301486,0.8500027261488774,0.8493548871488266,0.8506396189039516,0.0,0.0,0.0,0.2359991329716927,0.3817389526425773,0.7186852085493501,0.0636476078832856,-3.705850109750383,0.03463189894087497,0.0,0.2587673611111111,0.9757862267657542,1.0177768468856812,,,,,,,,,,,,,,,,,,,,,,,,,,,,,
/content/drive/MyDrive/idl-project/eval/20261005-023229Z_B5_repaint_U5_s300_patch_D2,B5_repaint_U5_s300_patch_D2,D2,patch,256,1.0,1.0,1.0,1.0,0.37109375,0.3125,0.4296875,376.11331033706665,3.9590874772322806,0.043906107293759655,0.03921242708901377,0.048286292939843115,0.012194479843442253,0.011180207696525595,0.013321677311312768,0.012062726937492677,0.01025261922028885,0.014068343899982735,0.02042927678576793,0.01884459892929187,0.022055086838622003,0.04540438698259007,0.040899031249026364,0.050001752100660365,0.18533951088629155,0.1780560284730899,0.19267352031180324,0.007637280204490683,0.005916790981811374,0.009463259612293103,0.8491693294907561,0.8484926616345263,0.8498334132197515,0.0,0.0,0.0,0.23134721530143693,0.371509366194053,0.6947420291840746,0.0610743719969053,-3.7040269273880853,0.03333559784989085,0.0,0.26727430555555554,1.039501884509336,1.069751262664795,,,,,,,,,,,,,,,,,,,,,,,,,,,,,
/content/drive/MyDrive/idl-project/eval/20261004-195013Z_B5_repaint_host_D1_MINUS,B5_repaint_host_D1_MINUS,D1_MINUS,host,256,1.0,0.046875,0.0234375,0.07421875,0.015625,0.00390625,0.03125,650.3182089328766,162.57955223321915,0.05329307113107579,0.04800611515706693,0.05887138556829076,0.006290574888544694,0.005469251492542193,0.007355735997561529,0.008230309108338373,0.006613567789604348,0.009910481142321933,0.01725019721450273,0.015599868442551037,0.018895578055383548,0.040097466799731724,0.035208982372149616,0.04484499851515575,0.17984273948782853,0.17245917904353222,0.18734962233721456,0.003225383484089159,0.0020915105221507267,0.004464938487174973,0.8493538754871718,0.8487161963647205,0.84999413759785,0.0,0.0,0.0,0.08807783337050373,0.10074567409940867,0.14405341699079585,0.010769193061263605,-3.6733285331493923,0.04527980442084277,0.0,,0.9955623322260738,1.0323736667633057,,,,,,,,,,,,,,,,,,,,,,,,,,,,,
/content/drive/MyDrive/idl-project/eval/20261004-214250Z_B5_repaint_host_D1_PLUS,B5_repaint_host_D1_PLUS,D1_PLUS,host,256,1.0,0.0,0.0,0.0,0.0,0.0,0.0,651.7823052406311,inf,0.07508353251316403,0.07025493692025946,0.08032727856482975,0.019464477810946776,0.018597303651902087,0.020467757477785318,0.01148549319052014,0.01052395617958254,0.012687730449272867,0.023839616113658486,0.02214130413038698,0.025457024931537998,0.04665649580061085,0.0425615476632102,0.050902298598012596,0.17984273948782853,0.17245917904353222,0.18734962233721456,0.00991594709532143,0.007923151655343753,0.011938469506747809,0.8493538754871718,0.8487161963647205,0.84999413759785,0.0,0.0,0.0,0.08807783337050373,0.10074567409940867,0.14405341699079585,0.010769193061263605,-3.6733285331493923,0.04527980442084277,0.0,,1.1031263837241434,1.1398321390151978,,,,,,,,,,,,,,,,,,,,,,,,,,,,,
/content/drive/MyDrive/idl-project/eval/20261004-175716Z_B5_repaint_host_D2,B5_repaint_host_D2,D2,host,256,1.0,0.03125,0.01171875,0.0546875,0.02734375,0.0078125,0.05078125,646.9166781902313,92.4166683128902,0.0617787278007315,0.0580888115443435,0.06676755307410821,0.015510467313424484,0.01449430210151411,0.01655595036493859,0.01096774837162413,0.010046616057362123,0.012252483182285952,0.02096636725248973,0.019457808761276518,0.02268933523707478,0.0443851944158893,0.04030050487530561,0.048786462960248696,0.18735233839396115,0.18042622429218003,0.19545018094312167,0.010105299801407265,0.008082335094773064,0.012218841920023288,0.849381015982819,0.8486913436994014,0.8500662453162117,0.0,0.0,0.0,0.09418296598419378,0.1025769219163485,0.14618836734771157,0.011554823286024942,-3.672978530225202,0.04749998817401725,0.0,,1.0891019702495113,1.100395679473877,,,,,,,,,,,,,,,,,,,,,,,,,,,,,
/content/drive/MyDrive/idl-project/eval/20261004-193833Z_B5_repaint_patch_D1_MINUS,B5_repaint_patch_D1_MINUS,D1_MINUS,patch,256,1.0,0.515625,0.453125,0.578125,0.06640625,0.0390625,0.09765625,645.0762794017792,37.9456634942223,0.07090939776136611,0.06549828363287664,0.07744372382607766,0.006673689484544206,0.005762740341777035,0.007690343593714944,0.011774065247796218,0.010407476225198437,0.01337039000289706,0.022228796242859044,0.02079444443290418,0.023930360345087703,0.05906840861083739,0.05422787977186601,0.06462548577658166,0.19021363112497874,0.1830649998652001,0.1971737517259793,0.002559431826472564,0.0014988941716120821,0.003739294926461144,0.8504013923268346,0.849744475904391,0.851030010245122,0.0,0.0,0.0,0.28175527784048365,0.4502147605637963,0.8342406929245852,0.07145841256561242,-3.713092554209461,0.03255208660690066,0.0,,0.9772695303229153,1.0283536911010742,,,,,,,,,,,,,,,,,,,,,,,,,,,,,
/content/drive/MyDrive/idl-project/eval/20261004-213108Z_B5_repaint_patch_D1_PLUS,B5_repaint_patch_D1_PLUS,D1_PLUS,patch,256,1.0,1.0,1.0,1.0,0.046875,0.0234375,0.07421875,646.9369888305664,53.91141573588053,0.05872843311216484,0.05384576168634851,0.06410828459511878,0.015901402916587648,0.014917370444504356,0.01702585018202906,0.014035447920079694,0.012242691355346348,0.016004548279908454,0.027068652346343015,0.025419834836672626,0.02878303668103849,0.06448564415188338,0.059676123059905495,0.06950514207979344,0.17018140402275217,0.16277863295141362,0.17764628840503846,0.004753674154932013,0.0032409540002672466,0.006366237437524879,0.8501325393243342,0.8494257327520147,0.8508154232344667,0.0,0.0,0.0,0.27370276039203095,0.441843054079174,0.8388939185566213,0.07203640884580928,-3.714274958119533,0.034845825656147494,0.0,,1.0475861562689508,1.1146512031555176,,,,,,,,,,,,,,,,,,,,,,,,,,,,,
/content/drive/MyDrive/idl-project/eval/20261004-174537Z_B5_repaint_patch_D2,B5_repaint_patch_D2,D2,patch,256,1.0,1.0,1.0,1.0,0.35546875,0.296875,0.4140625,644.1680951118469,7.078770275954362,0.05027460398129741,0.04547329579584721,0.05495071003840671,0.013259618158086708,0.012233612810801571,0.014286944957120372,0.015252437754203024,0.013411071875424228,0.017252193392667,0.024354524107324985,0.02272250294265739,0.026037101810517858,0.054071653579022945,0.0493566950902318,0.05886451199175504,0.1764141546116654,0.1695990280522456,0.18361810032620693,0.0071207123305898805,0.005262564987332336,0.009113675562145212,0.8494607167751271,0.8488412670684936,0.8500861973063778,0.0,0.0,0.0,0.2764080864805132,0.4273902278895872,0.8204182554294839,0.06956306712349322,-3.71259675505724,0.03231048904540215,0.0,,1.0351385433352647,1.073628306388855,,,,,,,,,,,,,,,,,,,,,,,,,,,,,
/kaggle/working/idl-project/eval/20261006-103550Z_cond_smax1_w2_s100_centre_D1_MINUS,cond_smax1_w2_s100_centre_D1_MINUS,D1_MINUS,centre,256,1.0,0.57421875,0.51171875,0.6328125,0.15625,0.11328125,0.203125,911.2129080295563,22.780322700738907,0.029395630241528206,0.02595446256515428,0.03506091844572329,0.007187089085516331,0.0059284506754487265,0.008476445189797817,0.003532077430261517,0.0028800998422394667,0.0048103549278294125,0.014528066989438954,0.012464585929654147,0.0167722683513888,0.04158268200689744,0.03656836300438105,0.04737818854517412,0.2444826079014619,0.23642724585334604,0.25167691650686475,0.01412676754895201,0.011624400468982957,0.016683754772337515,0.8486408644855181,0.8479857351606196,0.8492982200006229,0.0,0.0,0.0,0.17197746447911472,0.22974541208721289,0.4096111772779643,0.03380466337999911,-3.677144389694466,0.03773291897351299,0.0,0.37604166666666666,0.991460642718964,1.0392285585403442,,,,,,,,,,,,,,,,,,,,,,,,,,,,,
/kaggle/working/idl-project/eval/20261006-141317Z_cond_smax1_w2_s100_centre_D1_PLUS,cond_smax1_w2_s100_centre_D1_PLUS,D1_PLUS,centre,256,1.0,0.28515625,0.23046875,0.34375,0.046875,0.0234375,0.07421875,950.5849432945251,79.21541194121043,0.022383502652953823,0.016875187481309655,0.02926969638501942,0.011588522885185526,0.010556354856517163,0.012588955218547774,0.008989145068203058,0.007631843696011387,0.010517269112048538,0.016935430841070423,0.01517111798732926,0.0191528417368144,0.023558151398719238,0.020176752533494734,0.027317816941960393,0.23626684169876966,0.22778240234309177,0.24443744152425567,0.020003742753038296,0.016982827260119612,0.023075522044759194,0.8474043435082215,0.846798738024003,0.8480240710762629,0.0,0.0,0.0,0.18051287051633239,0.2213971995712954,0.38559164162901227,0.03389383857821458,-3.6736894760522683,0.037546087737331355,0.0,0.3897569444444444,0.9910602279412954,1.0615462064743042,,,,,,,,,,,,,,,,,,,,,,,,,,,,,
/kaggle/working/idl-project/eval/20261006-065616Z_cond_smax1_w2_s100_centre_D2,cond_smax1_w2_s100_centre_D2,D2,centre,256,1.0,0.8828125,0.83984375,0.921875,0.5390625,0.4765625,0.6015625,947.9680619239807,6.869333782057831,0.014871169577990135,0.011734483130946924,0.02045107292347081,0.008694573572551757,0.00757902552589736,0.00992320204433178,0.008253494445025357,0.006779120098193428,0.010060567509034777,0.015978915634376048,0.014273300523598821,0.017675232319545982,0.024250017607367627,0.020339992201591214,0.028401742944621892,0.23993993503428113,0.23179988757999914,0.24838357018124974,0.01720327536732275,0.014200462639878729,0.02034078632126792,0.8485755447016083,0.8479767926963989,0.8491555258118383,0.0,0.0,0.0,0.18061968579474402,0.2160723775488426,0.38280151487852265,0.03464419763835985,-3.676521326948186,0.03889698053813838,0.0,0.37300347222222224,1.0160392421825295,1.0215802192687988,,,,,,,,,,,,,,,,,,,,,,,,,,,,,
/kaggle/working/idl-project/eval/20261006-101856Z_cond_smax1_w2_s100_host_D1_MINUS,cond_smax1_w2_s100_host_D1_MINUS,D1_MINUS,host,256,1.0,0.58984375,0.53125,0.6484375,0.20703125,0.16015625,0.2578125,911.6943547725677,17.201780278727693,0.02276996020011322,0.016260919051566847,0.03085974346835072,0.003996131054683307,0.0030638561581200438,0.005302876738502115,0.006373606522340701,0.005269906330583388,0.008069394381134106,0.008834744061402527,0.007022705437608555,0.010887287322681467,0.02020212298747213,0.01601445827343628,0.02532837821853924,0.21549303380149198,0.20869333124925582,0.22250912719088528,0.015909309547523717,0.013547316827426038,0.018370092074595983,0.8470496606829956,0.8464055160113317,0.8476842773979855,0.0,0.0,0.0,0.08326714053847463,0.07645312463502786,0.09366472162505605,0.013783828251100467,-3.666328602384774,0.05143589819376711,0.0,0.5472222222222223,0.976930108741161,1.0269840955734253,,,,,,,,,,,,,,,,,,,,,,,,,,,,,
/kaggle/working/idl-project/eval/20261006-135329Z_cond_smax1_w2_s100_host_D1_PLUS,cond_smax1_w2_s100_host_D1_PLUS,D1_PLUS,host,256,1.0,0.40234375,0.34375,0.4609375,0.03515625,0.015625,0.05859375,1108.3762512207031,123.15291680230035,0.08521286564713249,0.07585141805090982,0.09433195406360495,0.012163788384691402,0.01127133692066136,0.013127077424655421,0.007144905041139714,0.006562593375358055,0.00799842623589655,0.01664290639796668,0.01527796662107711,0.018174417460778962,0.014572509652058896,0.013246503808328562,0.017664823342618954,0.21820702316646912,0.21120284045135082,0.22461921251427916,0.029781514507849764,0.026065084383844153,0.033573859131072865,0.8462241117840636,0.8455903471381994,0.8468460751539604,0.0,0.0,0.0,0.09955165410632273,0.08366770385090569,0.11685774906746038,0.019495686455430476,-3.660806011789659,0.051409830244352916,0.0,0.5626736111111111,1.0575589677123791,1.083705186843872,,,,,,,,,,,,,,,,,,,,,,,,,,,,,
/kaggle/working/idl-project/eval/20261006-063933Z_cond_smax1_w2_s100_host_D2,cond_smax1_w2_s100_host_D2,D2,host,256,1.0,0.859375,0.81640625,0.8984375,0.55859375,0.49609375,0.62109375,916.8574090003967,6.411590272730047,0.05640523156005223,0.047975994404313625,0.06567007173558169,0.0071118695002126454,0.00611500317771165,0.008281033580544163,0.006412309883860586,0.005414772039441818,0.007772352467032668,0.014868715618013737,0.013287997615526648,0.016430536692532843,0.014802657461256112,0.012277287313854053,0.01838979381583539,0.21046526968880647,0.20329447697442007,0.21779605297253765,0.025639934619811074,0.022117532284321256,0.02931236997090962,0.8467940968659606,0.8461944806946637,0.8474019013738866,0.0,0.0,0.0,0.08939834825279162,0.07666677651800995,0.10310510729655688,0.016122873097375586,-3.6640027590290836,0.049994012668444616,0.0,0.5518229166666667,1.0523003060690252,1.0630499124526978,,,,,,,,,,,,,,,,,,,,,,,,,,,,,
/kaggle/working/idl-project/eval/20261006-110925Z_cond_smax1_w6_s100_centre_D1_MINUS,cond_smax1_w6_s100_centre_D1_MINUS,D1_MINUS,centre,256,1.0,0.47265625,0.4140625,0.53515625,0.16015625,0.1171875,0.20703125,1040.7342352867126,25.383761836261286,0.09196059106085067,0.08431511464484327,0.09952952167755572,0.01591588153429694,0.0144120381698778,0.017367480358506326,0.007190051501195564,0.00642115920087178,0.008139203350834607,0.014033229888565927,0.011697772665819258,0.016511894165471965,0.03580314778852205,0.03008387815028984,0.042784605250814775,0.2549541295226905,0.24611089948109502,0.2631470734470851,0.02569849455152148,0.02248873375710908,0.029032472830416316,0.8497825063203217,0.8491087686781071,0.8504698866775628,0.0,0.0,0.0,0.16742509726585098,0.21518929856096886,0.37998859252428563,0.029233692764469618,-3.6756337807400286,0.04274730160091244,0.0,0.39644097222222224,1.0629654134318105,1.0834766626358032,,,,,,,,,,,,,,,,,,,,,,,,,,,,,
/kaggle/working/idl-project/eval/20261006-144713Z_cond_smax1_w6_s100_centre_D1_PLUS,cond_smax1_w6_s100_centre_D1_PLUS,D1_PLUS,centre,256,1.0,0.2109375,0.16015625,0.26171875,0.0078125,0.0,0.01953125,920.6872637271881,460.34363186359406,0.0675230450909848,0.06260583695570843,0.07509792320326422,0.01404692526607534,0.01271960570089533,0.015473607795396648,0.009726263379964904,0.008716900949041113,0.011077967405801643,0.0252529201694831,0.023628713958158024,0.02707952078072089,0.02725370567303884,0.025211357975019288,0.030298733022160053,0.32717670322257597,0.3200188644034382,0.33385407057312405,0.0655463004989992,0.060746036606282736,0.07037801884275979,0.846650721363602,0.8459802330876115,0.8473076545536359,0.0,0.0,0.0,0.18547698271093915,0.22911179634839055,0.3665450055896004,0.03437344130981877,-3.660558468050619,0.040938904147706574,0.0,0.43949652777777776,0.9554026702171022,1.1154310703277588,,,,,,,,,,,,,,,,,,,,,,,,,,,,,
/kaggle/working/idl-project/eval/20261006-073051Z_cond_smax1_w6_s100_centre_D2,cond_smax1_w6_s100_centre_D2,D2,centre,256,1.0,1.0,1.0,1.0,0.84375,0.796875,0.88671875,982.7923648357391,4.5499646520173105,0.04587355902239586,0.04088230611623933,0.051527560364536484,0.0046571537462519325,0.00385254754528053,0.005920071334666295,0.00975425563558903,0.008664673763308272,0.010896598335556411,0.0185631355270575,0.016336418101866382,0.02062026070646407,0.027027292899079264,0.023361285692386737,0.03060124788949343,0.2526717786134345,0.24481407398390428,0.2608942932809954,0.04607056026306704,0.0421544284969185,0.050050084729610485,0.846855846604404,0.8462644162427706,0.8474523814876471,0.0,0.0,0.0,0.18273715501183949,0.21432181416562343,0.3374657522663128,0.03142995939974745,-3.6652773745549445,0.04043279781170435,0.0,0.42473958333333334,0.9978082598851,1.0341538190841675,,,,,,,,,,,,,,,,,,,,,,,,,,,,,
/kaggle/working/idl-project/eval/20261006-105211Z_cond_smax1_w6_s100_host_D1_MINUS,cond_smax1_w6_s100_host_D1_MINUS,D1_MINUS,host,256,1.0,0.43359375,0.37109375,0.49609375,0.21875,0.16796875,0.26953125,940.7939486503601,16.799891940185002,0.06674802720296094,0.05792400855229275,0.07581349301844942,0.008839488883887907,0.007384612329717784,0.010419612842214947,0.005912811293596923,0.004620518123196283,0.007961371551608686,0.010821224758119197,0.008612752690639453,0.013137177059740612,0.02055937555072577,0.015083306115927786,0.025962898554937233,0.21887475739200665,0.21265675137328563,0.2254000203116743,0.024297822498006244,0.02095967992331491,0.0276304863267642,0.8471235632603067,0.8464274685151117,0.8478007660660218,0.0,0.0,0.0,0.07984136069462822,0.07667529291235545,0.0911086539434696,0.01568316211913231,-3.6644302462236733,0.054231633260245146,0.0,0.5641493055555555,1.0169266348189792,1.0432190895080566,,,,,,,,,,,,,,,,,,,,,,,,,,,,,
/kaggle/working/idl-project/eval/20261006-143029Z_cond_smax1_w6_s100_host_D1_PLUS,cond_smax1_w6_s100_host_D1_PLUS,D1_PLUS,host,256,1.0,0.46875,0.41015625,0.53125,0.01171875,0.0,0.02734375,926.7654187679291,308.9218062559764,0.13172561998600452,0.12299135777881244,0.14102796089325484,0.017414447917014415,0.016093439600292248,0.018762298883724368,0.011091674186496975,0.00962693613141064,0.013099274492822393,0.021885467571703177,0.02035672250981112,0.023325476905474103,0.030494890138444926,0.026849964290371495,0.034905425766802715,0.299488348849005,0.2934701889008908,0.3056747848964739,0.0637923912852614,0.0592152527104111,0.06863038783546127,0.8458133388900311,0.8451502878827616,0.8464613136549434,0.0,0.0,0.0,0.1047799825009762,0.09863130553974771,0.15496432960664128,0.030682065091929868,-3.6497760338061336,0.05437406722455278,0.0,0.6084201388888889,1.0159094141534097,1.1393426656723022,,,,,,,,,,,,,,,,,,,,,,,,,,,,,
/kaggle/working/idl-project/eval/20261006-071310Z_cond_smax1_w6_s100_host_D2,cond_smax1_w6_s100_host_D2,D2,host,256,1.0,1.0,1.0,1.0,0.79296875,0.7421875,0.83984375,984.6918034553528,4.85069853918893,0.08929679857223607,0.08064753816494652,0.09898268753691035,0.006863387781219169,0.0061458517211514406,0.007935030973334912,0.008072090140729285,0.007194536342622157,0.009348747101299069,0.018126197967543792,0.016266108123938833,0.02004625520499001,0.01583744832211803,0.01440508815747296,0.01832229427863122,0.23232524906893948,0.22498561243616688,0.24042484960138658,0.053947605083664835,0.04923316029703794,0.05881840993184565,0.8457248701051789,0.8450529995762915,0.8463872558342982,0.0,0.0,0.0,0.10888257042309206,0.09434318996999551,0.13290954095225305,0.025969804612482647,-3.654227970300882,0.0511245417523914,0.0,0.5819444444444445,1.033003275463179,1.0736538171768188,,,,,,,,,,,,,,,,,,,,,,,,,,,,,
/content/drive/MyDrive/idl-project/eval/20261004-200207Z_cond_w0_centre_D1_MINUS,cond_w0_centre_D1_MINUS,D1_MINUS,centre,256,1.0,0.1875,0.140625,0.234375,0.08984375,0.0546875,0.125,637.0753443241119,27.698928014091823,0.07631648885900832,0.07050263012519298,0.08207812231517456,0.007472190737701478,0.006367713469373996,0.0086279060581033,0.017268900804722532,0.01548266128658962,0.01906848231381953,0.02631395485378298,0.024682256900492593,0.02787035256112965,0.07770538275059707,0.07259237673498227,0.0827898489819585,0.14784372516292876,0.14035044686101195,0.1551364316137836,0.0032346112137012872,0.0019734125968687666,0.0046659390041383945,0.8510498443744972,0.8503937665838724,0.8517157966526279,0.0,0.0,0.0,0.28498382878104195,0.45434362913054144,0.8382820308769873,0.07234021469721938,-3.71567840304881,0.03190946228746494,0.0,,0.9666276466817093,1.0395268201828003,,,,,,,,,,,,,,,,,,,,,,,,,,,,,
/content/drive/MyDrive/idl-project/eval/20261004-215445Z_cond_w0_centre_D1_PLUS,cond_w0_centre_D1_PLUS,D1_PLUS,centre,256,1.0,0.0703125,0.0390625,0.1015625,0.05078125,0.02734375,0.078125,640.7367327213287,49.28744097856375,0.06393608285048431,0.05917663737378991,0.06873455033444718,0.017164412710417222,0.01614325151910791,0.018186926401832733,0.020217893801228636,0.018458619888796716,0.022055239378120317,0.03213725645435595,0.03055350568857691,0.03386208884288792,0.07917122561772597,0.07445020990539893,0.0843277844598742,0.1450026354579879,0.13803891857193193,0.1514675372867892,0.0029816365466641204,0.0018197020240979913,0.0042941889557669664,0.8502592037797674,0.849577136142409,0.8509208828794316,0.0,0.0,0.0,0.2714534577828397,0.4379711670381131,0.819032579246004,0.0713212904492812,-3.7156582382199455,0.032435605980045884,0.0,,1.0503151155190409,1.1385952234268188,,,,,,,,,,,,,,,,,,,,,,,,,,,,,
/content/drive/MyDrive/idl-project/eval/20261004-180907Z_cond_w0_centre_D2,cond_w0_centre_D2,D2,centre,256,1.0,0.328125,0.2734375,0.38671875,0.22265625,0.171875,0.2734375,653.1074795722961,11.458025957408704,0.06297481929382787,0.05787274812784609,0.06753972946929314,0.015793837187203355,0.014774261704775915,0.016724970396875687,0.021631987043634726,0.01989622918069335,0.023337502111449786,0.029999032026296925,0.028317474127491415,0.031516829728254724,0.0732225152026293,0.06818668741499131,0.07793173355060352,0.13469406332708042,0.12963330530408604,0.140345341093247,0.004156667574046759,0.002810453196072557,0.00565063304195456,0.8495260298727461,0.8488736973857812,0.8501965396634744,0.0,0.0,0.0,0.28019114833004427,0.44635499565489,0.8286104198004057,0.0720330669994553,-3.714506598081723,0.03300840767375916,0.0,,1.0077646404024942,1.0975316762924194,,,,,,,,,,,,,,,,,,,,,,,,,,,,,
/content/drive/MyDrive/idl-project/eval/20261004-203449Z_cond_w0_host_D1_MINUS,cond_w0_host_D1_MINUS,D1_MINUS,host,256,1.0,0.1640625,0.12109375,0.2109375,0.08984375,0.05859375,0.125,624.0503916740417,27.132625724958338,0.053760232705637054,0.04624349798656312,0.061261685288953545,0.00579942423920411,0.004884695471491578,0.007109778646329421,0.01142677048686901,0.010246495910376014,0.012776280507060055,0.016435958223718614,0.014914937597432667,0.01802322291754458,0.03957204197023783,0.034415686130574115,0.04554705649024737,0.15587998072841489,0.1499953181293966,0.16277015199050915,0.005781399450235432,0.004135691137567825,0.007585713371549695,0.8480567587229231,0.8473730776048107,0.8487227069462422,0.0,0.0,0.0,0.07152292884773602,0.07368093086819004,0.1492464020974614,0.008173201620134372,-3.6775256878605065,0.04853079023169213,0.0,,0.9801996638049318,1.0186975002288818,,,,,,,,,,,,,,,,,,,,,,,,,,,,,
/content/drive/MyDrive/idl-project/eval/20261004-222736Z_cond_w0_host_D1_PLUS,cond_w0_host_D1_PLUS,D1_PLUS,host,256,1.0,0.05859375,0.03125,0.08984375,0.0234375,0.0078125,0.04296875,660.8167855739594,110.13613092899323,0.03968393279506989,0.03401037391776757,0.04606563436211622,0.014160562544764657,0.013124251778195855,0.015252891289454756,0.010656033293846436,0.00895526759950258,0.01254574852504515,0.022931374728733613,0.021214237809671868,0.024873302261362137,0.040225496587341245,0.03597843224364945,0.0447851195291732,0.16123700155130744,0.15590794519253634,0.16745730858596325,0.007764960534936227,0.005946813699253594,0.009668832450555994,0.8479906946196277,0.8472449078251707,0.8487149022432748,0.0,0.0,0.0,0.0667502164727715,0.08138680338121589,0.1403489957161271,0.007741635510219254,-3.676776449911614,0.04781881209754354,0.0,,1.0406132640674337,1.0863028764724731,,,,,,,,,,,,,,,,,,,,,,,,,,,,,
/content/drive/MyDrive/idl-project/eval/20261004-184215Z_cond_w0_host_D2,cond_w0_host_D2,D2,host,256,1.0,0.35546875,0.296875,0.4140625,0.2265625,0.17578125,0.27734375,639.1302580833435,11.019487208333508,0.030573155491177118,0.025936661146451757,0.03672482460274934,0.011454567029128785,0.010448230788330532,0.012530241504323449,0.011493419457795636,0.009938432565441966,0.013159169752527835,0.0206910756932098,0.019030041744502943,0.022438311643770335,0.040478184809268375,0.03647691460305975,0.0450583144870026,0.1497024052845205,0.14428225540606476,0.15529557458923232,0.010590322124946254,0.008120967850587779,0.013251385441742565,0.8477291607828492,0.8470334236261425,0.8484233730182638,0.0,0.0,0.0,0.0654025461457348,0.07837223941813959,0.14514333480430583,0.007764796517876409,-3.6756036642043615,0.04833312746191276,0.0,,1.042210206517211,1.0561383962631226,,,,,,,,,,,,,,,,,,,,,,,,,,,,,
/content/drive/MyDrive/idl-project/eval/20261005-091933Z_cond_w0_s300_host_D1_MINUS,cond_w0_s300_host_D1_MINUS,D1_MINUS,host,256,1.0,0.19140625,0.14453125,0.2421875,0.08984375,0.05859375,0.125,132.33667826652527,5.753768620283707,0.025696769452588298,0.018723259351805677,0.033003600974286354,0.0032589832890005128,0.002831029120163842,0.004265588228225502,0.008795273601065216,0.007487951491564255,0.010116904910375975,0.010976671232789658,0.0096659137104152,0.012644869517846064,0.016323579464980517,0.012213106505482567,0.020716497998360183,0.17978749151625806,0.1722463679646878,0.1868145828365988,0.008510844035457937,0.006530290906710753,0.010575355665801136,0.8471181167008478,0.8464016812349083,0.8478231369483576,0.0,0.0,0.0,0.06944676622143311,0.07377454555260325,0.11466156228752349,0.008412632022748338,-3.671710282918647,0.049183506379876875,0.0,0.5253472222222222,0.9705357453711964,1.0190948247909546,,,,,,,,,,,,,,,,,,,,,,,,,,,,,
/content/drive/MyDrive/idl-project/eval/20261005-020834Z_cond_w0_s300_host_D2,cond_w0_s300_host_D2,D2,host,256,1.0,0.31640625,0.26171875,0.375,0.2421875,0.19140625,0.296875,128.03893566131592,2.0651441235696115,0.03862751705244015,0.03094727760383933,0.046403222309404926,0.01138116352046549,0.010287745334370092,0.012377210309902425,0.006582737929792042,0.005802170313841614,0.007906019846709187,0.017912884691488475,0.01623444639138755,0.019537254714515447,0.027147405396234312,0.02276045765334983,0.03189571067097457,0.17631006242466263,0.16954075333943314,0.1830824962725898,0.012178851143021939,0.009678902672756388,0.014798151437313613,0.8474290687913517,0.8467781403562019,0.8480627879473505,0.0,0.0,0.0,0.07914316178298397,0.07778016291207909,0.12095158461507312,0.009055771522261218,-3.6710804859383157,0.05079217089306002,0.0,0.5213541666666667,1.0755821895911315,1.0673383474349976,,,,,,,,,,,,,,,,,,,,,,,,,,,,,
/content/drive/MyDrive/idl-project/eval/20261005-092250Z_cond_w1_s300_host_D1_MINUS,cond_w1_s300_host_D1_MINUS,D1_MINUS,host,256,1.0,0.46484375,0.40234375,0.5234375,0.171875,0.12890625,0.21875,230.8761911392212,5.247186162255027,0.015178480099073436,0.010813104145568337,0.021498322919356484,0.00323265414926028,0.0027848941605685467,0.0042313129462890064,0.007918110985529272,0.006623583049965888,0.009358415478603346,0.009738599701127185,0.00816619687965468,0.011589259388418798,0.022227871290006945,0.018087903045911728,0.027676582415716546,0.1901500900270258,0.1825408259144351,0.1969223998498861,0.010141277667655973,0.008056652250888587,0.012361958144427688,0.8475532889594941,0.8468431718641147,0.8482621221441573,0.0,0.0,0.0,0.07076356905230954,0.07819692869872635,0.10105875164572287,0.008960031509188868,-3.671197140799653,0.04971475986594915,0.0,0.5353298611111111,0.9783953030123522,1.0163203477859497,,,,,,,,,,,,,,,,,,,,,,,,,,,,,
/content/drive/MyDrive/idl-project/eval/20261005-021147Z_cond_w1_s300_host_D2,cond_w1_s300_host_D2,D2,host,256,1.0,0.58203125,0.5234375,0.64453125,0.3125,0.2578125,0.37109375,209.01510167121887,2.612688770890236,0.03096993860999074,0.023708521272550718,0.03914619355892865,0.009729928051591645,0.008695033806392414,0.010911130128849757,0.006187318136450462,0.005440980528405776,0.007307013889912859,0.01588725479880472,0.0141235735480026,0.017607219616336517,0.024629365782083593,0.020812484551643758,0.02882368994220083,0.1855832598901717,0.17824799651179724,0.19310064662454177,0.012956402220654103,0.010462903800805314,0.015582469675894927,0.8471231886338171,0.8464686962531984,0.8477763171492203,0.0,0.0,0.0,0.08007761876513927,0.0767455656300327,0.10823161524272254,0.009134324797777562,-3.6710771820549093,0.0511307539081235,0.0,0.5321180555555556,1.0513106642018712,1.042867660522461,,,,,,,,,,,,,,,,,,,,,,,,,,,,,
/content/drive/MyDrive/idl-project/eval/20261004-201338Z_cond_w2_centre_D1_MINUS,cond_w2_centre_D1_MINUS,D1_MINUS,centre,256,1.0,0.54296875,0.48046875,0.60546875,0.296875,0.2421875,0.3515625,1217.2453203201294,16.016385793685913,0.05541616502549323,0.05080160413630517,0.06048410706334695,0.005453034607592386,0.00481747195041893,0.006470730271171546,0.012675312619769147,0.011026579202665967,0.014333440888419202,0.023300094759267066,0.021834245266263458,0.02498992546188766,0.07697845648138019,0.07117161307779285,0.0829059433789301,0.15767652649340053,0.15082708811412426,0.1643122455406813,0.011557352437935707,0.009690766298615304,0.013444900084233732,0.8511513712459557,0.850444826239776,0.8518684619268254,0.0,0.0,0.0,0.28456482206854816,0.4578042083434711,0.8457693371094528,0.0722567000955176,-3.7161718106094925,0.03433187392241284,0.0,,1.017856329852227,1.063442349433899,,,,,,,,,,,,,,,,,,,,,,,,,,,,,
/content/drive/MyDrive/idl-project/eval/20261004-220620Z_cond_w2_centre_D1_PLUS,cond_w2_centre_D1_PLUS,D1_PLUS,centre,256,1.0,0.3671875,0.30859375,0.42578125,0.0390625,0.015625,0.0625,1221.5545823574066,122.15545823574067,0.0485020648759409,0.042912362105356254,0.053696380399367576,0.013834262902277284,0.012968384944247444,0.014735744098199392,0.018342478350999492,0.016601478070197268,0.02012132655393403,0.028873139650715633,0.027207014766062174,0.030443033516205618,0.06792897470672347,0.06349530237491505,0.07262140644568123,0.14482334600034222,0.13830322559007874,0.1511645960444923,0.004125168075650613,0.0026136923402189376,0.005854249542029586,0.8492255729970006,0.8485414862390765,0.8499041117652163,0.0,0.0,0.0,0.2710603465112849,0.4322318872286641,0.7984304830571075,0.06837814110503587,-3.7137212739417618,0.03263249315547973,0.0,,1.0040061805726843,1.0765694379806519,,,,,,,,,,,,,,,,,,,,,,,,,,,,,
/content/drive/MyDrive/idl-project/eval/20261004-182054Z_cond_w2_centre_D2,cond_w2_centre_D2,D2,centre,256,1.0,0.76171875,0.70703125,0.8125,0.38671875,0.328125,0.4453125,1227.817851305008,12.402200518232403,0.0546420211192653,0.04982636513477592,0.05973093682148616,0.014393890505614517,0.013554512559485218,0.015472727862477026,0.018863334013270717,0.017201745597748685,0.02069728697553661,0.026549680748816355,0.024969087416320146,0.02827285691855176,0.06394674553475449,0.059455110644398027,0.06849435365352842,0.14542213389641176,0.13917323730293268,0.1519232904292326,0.005024739708203451,0.0034865728834019274,0.006612261293822176,0.8493141373383623,0.8485970437967216,0.8500290969397759,0.0,0.0,0.0,0.2634953196156227,0.43032633548795063,0.7894546545732023,0.06921989951498206,-3.7141189181027046,0.03531579662607503,0.0,,0.9807263465981797,1.0613797903060913,,,,,,,,,,,,,,,,,,,,,,,,,,,,,
/content/drive/MyDrive/idl-project/eval/20261004-204617Z_cond_w2_host_D1_MINUS,cond_w2_host_D1_MINUS,D1_MINUS,host,256,1.0,0.66015625,0.6015625,0.71875,0.22265625,0.171875,0.2734375,1204.679401397705,21.134726340310614,0.018754016955805464,0.014038042485963138,0.02613108840464328,0.002790869169737813,0.0024400828250252904,0.0039939439852181725,0.00865337987816503,0.00744001721258887,0.010084671434217284,0.012420175019377169,0.010784766030723042,0.014192244911386688,0.03450430399653733,0.029457208827031654,0.03968297461551173,0.16469411255146782,0.15845353094008802,0.1710337460918517,0.013132666413833028,0.01080225819612883,0.015536614344356846,0.8473565189106769,0.846660571820051,0.8480479651708844,0.0,0.0,0.0,0.06626407714403865,0.06879808760649417,0.13415325760480812,0.007306578166633448,-3.674137273583349,0.048063836124331724,0.0,,0.980550563103146,1.0037668943405151,,,,,,,,,,,,,,,,,,,,,,,,,,,,,
/content/drive/MyDrive/idl-project/eval/20261004-223941Z_cond_w2_host_D1_PLUS,cond_w2_host_D1_PLUS,D1_PLUS,host,256,1.0,0.3203125,0.265625,0.37890625,0.04296875,0.01953125,0.0703125,1243.6698071956635,113.06089156324214,0.02898550064992746,0.021548382468530587,0.03771878984654973,0.012047982788182619,0.011134139840457871,0.013146190909600883,0.007464403484101805,0.0059589139883085155,0.009269353831226942,0.01674847242630794,0.015029577833039872,0.01846231721338927,0.028111065676365017,0.02362913896770148,0.03205547008249144,0.16101734645375615,0.15454366776398712,0.16708210532043552,0.009278073320467622,0.007039300365680478,0.011571812826157093,0.8471680453684699,0.8464453453395995,0.8478615216570886,0.0,0.0,0.0,0.07365588606811145,0.07083734525483767,0.12038742787126304,0.0074709916793177285,-3.6733403443826664,0.05090059004767952,0.0,,1.0208560060666776,1.0585249662399292,,,,,,,,,,,,,,,,,,,,,,,,,,,,,
/content/drive/MyDrive/idl-project/eval/20261004-185359Z_cond_w2_host_D2,cond_w2_host_D2,D2,host,256,1.0,0.65625,0.59765625,0.71484375,0.36328125,0.3046875,0.421875,1209.3667812347412,13.00394388424453,0.021475751194108328,0.016780767246098498,0.02690723707173257,0.011364866613168396,0.010272693031946374,0.012549163184536591,0.010229622829015293,0.008703332217382823,0.01186561676186512,0.017409917183112716,0.01574110151654782,0.019199359162623896,0.03647011388242793,0.03175334184197514,0.040985307698448374,0.1617551958589587,0.1557972715170363,0.16790697028752152,0.011368329339951582,0.00917604186841032,0.013639511590669104,0.8471950076574877,0.8465642915109002,0.8478139810287394,0.0,0.0,0.0,0.06620979194707137,0.06840739555675944,0.12921135130615138,0.006428717457549728,-3.675500814872298,0.04786630708654275,0.0,,1.0466469929957263,1.0566521883010864,,,,,,,,,,,,,,,,,,,,,,,,,,,,,
/content/drive/MyDrive/idl-project/eval/20261005-025506Z_cond_w2_s100_centre_D1_MINUS,cond_w2_s100_centre_D1_MINUS,D1_MINUS,centre,256,1.0,0.515625,0.453125,0.578125,0.171875,0.125,0.21875,152.25503730773926,3.460341756994074,0.02568438117790379,0.021099504125713757,0.03133925221604437,0.00420918827560178,0.003508078143834073,0.005274828066695168,0.002826264791221629,0.002576006451169349,0.00407686011565275,0.01029559897023411,0.00886937396833375,0.012029435720795473,0.02849397129197785,0.02393659580185862,0.03400052198917539,0.21938869136667585,0.21156277419998556,0.22678298939011549,0.011274103736597808,0.0089430632542543,0.013772958143650938,0.8490737280326909,0.8484115950102857,0.8497171786827451,0.0,0.0,0.0,0.16342369792013497,0.20192521418047246,0.36155674824281875,0.03229325783114486,-3.675481415018309,0.04252664934286454,0.0,0.39774305555555556,0.9938313012886543,1.0284395217895508,,,,,,,,,,,,,,,,,,,,,,,,,,,,,
/kaggle/working/idl-project/eval/20261006-114543Z_cond_w2_s100_centre_D1_PLUS,cond_w2_s100_centre_D1_PLUS,D1_PLUS,centre,256,1.0,0.25390625,0.203125,0.30859375,0.0234375,0.0078125,0.04296875,927.6129660606384,154.6021610101064,0.01425005661636505,0.009790757637564707,0.02005545423572835,0.013653961034656546,0.012813158093683307,0.01449760226143918,0.008015925004340573,0.006467706157851758,0.009741276224545658,0.018569841218066787,0.01703919046157321,0.020465358004864178,0.025571660913354187,0.021833472459186466,0.029652627230994683,0.2184868308387437,0.21055987401460957,0.227211094791864,0.01010506776784054,0.007813582636856326,0.012595226050385709,0.8480413450313393,0.8474191706975984,0.848649074796165,0.0,0.0,0.0,0.16361683346349515,0.20344469665246429,0.3539598200791211,0.03036282498731504,-3.6728474223282257,0.04035842884828448,0.0,0.39739583333333334,1.0107098084902824,1.0508185625076294,,,,,,,,,,,,,,,,,,,,,,,,,,,,,
/content/drive/MyDrive/idl-project/eval/20261005-012653Z_cond_w2_s100_centre_D2,cond_w2_s100_centre_D2,D2,centre,256,1.0,0.796875,0.74609375,0.84375,0.40625,0.34765625,0.46484375,144.99253034591675,1.3941589456338148,0.018349138146249954,0.014443008973233024,0.02343972557889603,0.009663420422751003,0.008504325850017964,0.0107806597908916,0.007029899550862935,0.00560002250264467,0.00876317822326406,0.014344831047012317,0.012402607183149976,0.01629198068561445,0.02423368112097065,0.020030044718967986,0.028607369717211537,0.210897603721544,0.20353871840565876,0.21880586327329637,0.010501439663319258,0.008306917683389706,0.012878152775541907,0.8482627977554883,0.8475788508736133,0.8489426035795937,0.0,0.0,0.0,0.17109566084935102,0.20724027234884876,0.3669252240406368,0.03338425250894314,-3.6739566391594964,0.040077979806293115,0.0,0.3910590277777778,1.0077833010023771,1.0274521112442017,,,,,,,,,,,,,,,,,,,,,,,,,,,,,
/content/drive/MyDrive/idl-project/eval/20261005-025833Z_cond_w2_s100_host_D1_MINUS,cond_w2_s100_host_D1_MINUS,D1_MINUS,host,256,1.0,0.6171875,0.55859375,0.6796875,0.22265625,0.171875,0.2734375,142.43433475494385,2.4988479781569097,0.02061506345713145,0.013793411428723814,0.02830604828298851,0.0028800188043722518,0.0024907869401057142,0.003877501212089056,0.009332852448964942,0.007938292975155853,0.011136297665914386,0.00891612490424463,0.007660653838119906,0.010410459006683557,0.013579924623580777,0.010125477303876923,0.017685917420161984,0.19868912304493072,0.19101460545521792,0.20543965112917448,0.015809004598595224,0.013181935628542026,0.018422119307449882,0.8468063363748548,0.8461346381983669,0.8474887201379326,0.0,0.0,0.0,0.0908313924063912,0.08481816002713843,0.11346307292060838,0.014278480858136355,-3.665833816827499,0.05091877066133,0.0,0.5471354166666667,1.0078734584310904,1.0258153676986694,,,,,,,,,,,,,,,,,,,,,,,,,,,,,
/kaggle/working/idl-project/eval/20261006-112757Z_cond_w2_s100_host_D1_PLUS,cond_w2_s100_host_D1_PLUS,D1_PLUS,host,256,1.0,0.23828125,0.1875,0.2890625,0.03125,0.01171875,0.0546875,965.9454233646393,120.74317792057991,0.06437828967867248,0.05605388816302446,0.07278891022428094,0.01079873074425458,0.009989946409470277,0.011799241971292914,0.006837144793549556,0.005977559532005434,0.008378571005250655,0.015240192229954808,0.013705400864590827,0.017182372157339507,0.015899176015529492,0.01429231569904468,0.018522225080783196,0.1873186646536463,0.17991690443534128,0.19455420519680436,0.018710076800579657,0.015516067932275923,0.022176533951477867,0.846076852141767,0.8454319478143879,0.846717959404524,0.0,0.0,0.0,0.08790937858463208,0.08107130010863091,0.10494529630189149,0.015819349068160862,-3.664300388716487,0.05058743882725142,0.0,0.5489583333333333,1.0660023919373045,1.0829904079437256,,,,,,,,,,,,,,,,,,,,,,,,,,,,,
/content/drive/MyDrive/idl-project/eval/20261005-013012Z_cond_w2_s100_host_D2,cond_w2_s100_host_D2,D2,host,256,1.0,0.671875,0.61328125,0.73046875,0.3515625,0.29296875,0.41015625,141.34150671958923,1.5704611857732138,0.0400807641848928,0.032145160145448715,0.04848131715075819,0.009139976678179982,0.008105524364685009,0.010324448936850516,0.005445141929374926,0.005154433029247429,0.006385604993333536,0.013532425628557271,0.012052021445557247,0.015293011603638893,0.015185652995911687,0.013246297753965772,0.018898365546004846,0.19697680198963236,0.1894558218340187,0.2042060832268038,0.016602753362265802,0.013816243449179984,0.01955741867647022,0.8469570285820387,0.8462691933595708,0.84761497580552,0.0,0.0,0.0,0.08746496741513873,0.07701436364534026,0.10506846980592925,0.014446004764043804,-3.6656660307724906,0.04788971866936095,0.0,0.54375,1.0529848368894568,1.0432772636413574,,,,,,,,,,,,,,,,,,,,,,,,,,,,,
/content/drive/MyDrive/idl-project/eval/20261005-030509Z_cond_w2_s300_centre_D1_MINUS,cond_w2_s300_centre_D1_MINUS,D1_MINUS,centre,256,1.0,0.5625,0.5,0.62109375,0.171875,0.12890625,0.21875,249.39106798171997,5.667978817766363,0.02992158998433924,0.02545465433603486,0.03508586399621928,0.004903983132764927,0.004187149824152884,0.006165980064313697,0.004983678574356171,0.0036277876711967873,0.006703991824548956,0.01412406555087086,0.012289281849644007,0.015892799007262814,0.043416522327239825,0.038395998470048986,0.04891275517406857,0.20871193229260337,0.20145342704205657,0.2165867320222042,0.010553549612389818,0.008667142994683817,0.01251832796014258,0.8492829814054472,0.848632674616869,0.8499172206357568,0.0,0.0,0.0,0.1817806675983919,0.2776019044099864,0.5152226723078471,0.04512542791030801,-3.688684776280291,0.039750971620753826,0.0,0.3355902777777778,1.0038832940689155,1.0379297733306885,,,,,,,,,,,,,,,,,,,,,,,,,,,,,
/content/drive/MyDrive/idl-project/eval/20261005-013647Z_cond_w2_s300_centre_D2,cond_w2_s300_centre_D2,D2,centre,256,1.0,0.74609375,0.69140625,0.80078125,0.33984375,0.28125,0.3984375,242.83649468421936,2.7912240768301078,0.031790612481701064,0.026600221988102867,0.03735869188955742,0.011897793663501098,0.010802336752296835,0.013134287130152545,0.011196474452817491,0.009514328606849589,0.012956953507894133,0.020130092016137132,0.018649067038893682,0.02190120732727575,0.03773028503087841,0.03353659925457207,0.042746982023235416,0.19746697598353535,0.18907205579187278,0.20562443264280103,0.007136667092252663,0.005340652801945248,0.009033480444065446,0.8487149108787557,0.8481118156030977,0.8493122722430159,0.0,0.0,0.0,0.18473798058520283,0.26794126965768866,0.5017780540997886,0.046424237563204095,-3.6888765022271635,0.03969912058091397,0.0,0.3294270833333333,1.0232311089241044,1.0386055707931519,,,,,,,,,,,,,,,,,,,,,,,,,,,,,
/content/drive/MyDrive/idl-project/eval/20261005-031013Z_cond_w2_s300_host_D1_MINUS,cond_w2_s300_host_D1_MINUS,D1_MINUS,host,256,1.0,0.59375,0.53515625,0.65234375,0.234375,0.18359375,0.2890625,261.19624423980713,4.353270737330119,0.0117516332977918,0.009877108862895377,0.016277477101832787,0.003402049714916679,0.002797678449246316,0.0044018483356328495,0.007663289475670233,0.006377172622123984,0.009143267505667789,0.010267152541814373,0.008518713367072666,0.012178852367707996,0.020289323125102038,0.015861830184504183,0.02519001424017102,0.18638602820973382,0.17938094238018518,0.1943637580585676,0.01206150489085847,0.009842039502827646,0.014342533339914504,0.8474443120095898,0.8467440050483044,0.8481388534857152,0.0,0.0,0.0,0.07477859025746583,0.07880059246577747,0.10999140485846529,0.010078054158451446,-3.6700437332566747,0.05091343693781659,0.0,0.5355902777777778,0.9903921948467349,1.0158041715621948,,,,,,,,,,,,,,,,,,,,,,,,,,,,,
/content/drive/MyDrive/idl-project/eval/20261005-014144Z_cond_w2_s300_host_D2,cond_w2_s300_host_D2,D2,host,256,1.0,0.73046875,0.67578125,0.78515625,0.3046875,0.25,0.359375,225.10018157958984,2.8858997638408956,0.04447320073948132,0.03708998442607717,0.05196334684584625,0.009418844238501015,0.008438127263033524,0.010510852714074696,0.006199574999306927,0.005649120491073888,0.00716036954362721,0.016662597872279073,0.014941596057413709,0.018241839300288085,0.021444170163484474,0.01777222809204967,0.02548509117757801,0.1802531841021156,0.17356595006097444,0.1871779234683342,0.01655473048102571,0.013889850847038558,0.01939579697601002,0.846125203368998,0.8454635201375693,0.8467881788358009,0.0,0.0,0.0,0.07596348908834884,0.07583728026834137,0.1118084708201327,0.011726692883433568,-3.668413923057933,0.04669350842357418,0.0,0.5305555555555556,1.0342507212849985,1.045623779296875,,,,,,,,,,,,,,,,,,,,,,,,,,,,,
/content/drive/MyDrive/idl-project/eval/20261005-090222Z_cond_w2_s900_centre_D1_MINUS,cond_w2_s900_centre_D1_MINUS,D1_MINUS,centre,256,1.0,0.52734375,0.46484375,0.58984375,0.1875,0.140625,0.23828125,464.4856786727905,9.676784972349802,0.04859740626029492,0.044168921994447566,0.0533841695577164,0.004937984316088988,0.004398232682963345,0.005733080737317809,0.007959121666374523,0.006531128234779498,0.009813149488732248,0.019353320127846883,0.017653123835340085,0.021005572615865744,0.060405197010816605,0.054752637604346864,0.06619057919120107,0.17851023230207513,0.17094048608885798,0.1859551348103564,0.009684294794866872,0.007690291458399327,0.011742891916071934,0.850788437965744,0.8501883163574876,0.8513943373609179,0.0,0.0,0.0,0.22361716380581984,0.36594003610001624,0.6735224235618614,0.05837366272926029,-3.702396333190753,0.033864492337575304,0.0,0.2776909722222222,1.0261746773263196,1.046338438987732,,,,,,,,,,,,,,,,,,,,,,,,,,,,,
/content/drive/MyDrive/idl-project/eval/20261005-015151Z_cond_w2_s900_centre_D2,cond_w2_s900_centre_D2,D2,centre,256,1.0,0.75390625,0.69921875,0.8046875,0.4453125,0.38671875,0.5078125,443.11322498321533,3.8869581138878537,0.04581030584517378,0.04087430339832188,0.0510666853732187,0.012945576593399177,0.012003259563978097,0.013951712617203915,0.01448519550494412,0.01273794534221407,0.016223906966392296,0.02299929419186737,0.021455246520536306,0.024579387097586676,0.051407415019041544,0.047095947708112304,0.055913527956760474,0.16994580635573556,0.1637902183622303,0.17647603307765786,0.0029010580481168714,0.0017933901780409134,0.004088759070376716,0.8495570013376093,0.8488962571994845,0.8501920528157543,0.0,0.0,0.0,0.22611485890526875,0.35445359654196124,0.644914093521169,0.05770332307598823,-3.7019852703599163,0.0364487071559622,0.0,0.2802951388888889,0.98705482498329,1.030454158782959,,,,,,,,,,,,,,,,,,,,,,,,,,,,,
/content/drive/MyDrive/idl-project/eval/20261005-091111Z_cond_w2_s900_host_D1_MINUS,cond_w2_s900_host_D1_MINUS,D1_MINUS,host,256,1.0,0.66796875,0.609375,0.7265625,0.234375,0.18359375,0.28515625,437.243195772171,7.28738659620285,0.014494337459674125,0.011742233424108524,0.020631197922590713,0.002887275012905425,0.0025531814695569496,0.0037816573747673186,0.008649119294904712,0.00747963643526033,0.010111120829009529,0.011514792933582426,0.009894217011220322,0.013269101689537757,0.028264795622174377,0.023087977078837172,0.03422133248717603,0.1763644921958923,0.1697777270809971,0.18329511547285127,0.012964133276216337,0.010626728634579355,0.015391565837782631,0.8471868282300508,0.8464950986866184,0.8478793151759277,0.0,0.0,0.0,0.07225860810994535,0.07772624519421255,0.10851881940809653,0.00836573114358821,-3.6717742627810086,0.04733093339875023,0.0,0.5278645833333333,0.9799314040652286,1.00924813747406,,,,,,,,,,,,,,,,,,,,,,,,,,,,,
/content/drive/MyDrive/idl-project/eval/20261005-020008Z_cond_w2_s900_host_D2,cond_w2_s900_host_D2,D2,host,256,1.0,0.71875,0.6640625,0.7734375,0.3515625,0.29296875,0.41015625,441.80070185661316,4.908896687295702,0.02641658042065617,0.020839311562254145,0.03445875695160481,0.01071011735338686,0.009579133118980343,0.011879734548726716,0.00782663259107248,0.006529192664724322,0.009704361024616706,0.017365042427195755,0.015771291500113225,0.019216405978922053,0.02688611893111881,0.023218195838743686,0.031121945842334946,0.16533453515643112,0.15880435130428655,0.17171395788991495,0.01100510725539448,0.008705079399479964,0.013536811640126207,0.847475040806541,0.846860606858047,0.8480824336797737,0.0,0.0,0.0,0.07072698394072525,0.06570873236130635,0.10790461453578726,0.007859904537713071,-3.67238061825864,0.04828298523013418,0.0,0.52421875,1.0470147828568097,1.0446089506149292,,,,,,,,,,,,,,,,,,,,,,,,,,,,,
/kaggle/working/idl-project/eval/20261006-080548Z_cond_w4_s100_centre_D1_MINUS,cond_w4_s100_centre_D1_MINUS,D1_MINUS,centre,256,1.0,0.640625,0.58203125,0.69921875,0.18359375,0.13671875,0.23046875,1054.2000572681427,22.429788452513673,0.026068793878542336,0.02230304609502654,0.030680455664556707,0.005536314686318442,0.004418890553580584,0.006832639142540083,0.0034668939993953304,0.0029378636186168975,0.004766567365637657,0.011237338930596141,0.00940401789185545,0.013224105590787657,0.032342936949138,0.026868051471914817,0.03831959209804774,0.22877483234071616,0.22015312639430862,0.2375043497886199,0.01332567122531136,0.010929784756892892,0.015784507419370562,0.8488531108397424,0.8481809703678157,0.8495396127809265,0.0,0.0,0.0,0.16555586705712,0.2038193889993661,0.3630480487386962,0.029256314086257337,-3.6737840904941352,0.04068131084178231,0.0,0.39991319444444445,1.0245790196780347,1.0313373804092407,,,,,,,,,,,,,,,,,,,,,,,,,,,,,
/kaggle/working/idl-project/eval/20261006-121910Z_cond_w4_s100_centre_D1_PLUS,cond_w4_s100_centre_D1_PLUS,D1_PLUS,centre,256,1.0,0.359375,0.30078125,0.41796875,0.078125,0.046875,0.11328125,903.3156967163086,45.16578483581543,0.010875050094104402,0.009997909569940082,0.015321744140988825,0.010903967836904924,0.010056294395278442,0.011937375466435174,0.008313107421497098,0.006873734362704433,0.00987491129296086,0.017312607319630132,0.015820150662884145,0.0190091079608999,0.024783679586263103,0.021080949511593818,0.02871477530428848,0.21708078423807556,0.2092099361311598,0.2254102967310567,0.013701738189874316,0.010975257872128488,0.01662162044307882,0.8474840619161812,0.8467956855889498,0.8481458997654269,0.0,0.0,0.0,0.1673799951846309,0.20396732809214327,0.3474251443176266,0.031890955421953866,-3.673366290514095,0.040119977581760974,0.0,0.41015625,1.0132860833747075,1.0498316287994385,,,,,,,,,,,,,,,,,,,,,,,,,,,,,
/kaggle/working/idl-project/eval/20261006-051245Z_cond_w4_s100_centre_D2,cond_w4_s100_centre_D2,D2,centre,256,1.0,0.9375,0.90625,0.96484375,0.51171875,0.44921875,0.5703125,1031.3683514595032,7.873040850835902,0.010974634462272495,0.007725054916247078,0.01598162523854476,0.009576736265248296,0.008467892929266455,0.010853245944770993,0.006850569265657582,0.005796806672433212,0.008613465655075507,0.01472478604053085,0.013269885374877834,0.016459860041291522,0.022870965604813352,0.018958207759467598,0.027292914259898583,0.21745067491050044,0.20980947107257292,0.22484125319502024,0.012768317590510652,0.010498903160854186,0.015173796657022757,0.8474424635430767,0.8467643602725697,0.8481438818883015,0.0,0.0,0.0,0.16364527158340397,0.207684125440087,0.35232501006555816,0.03191699728577769,-3.6725832793653046,0.03853500442399074,0.0,0.3970486111111111,1.001868665298927,1.0259146690368652,,,,,,,,,,,,,,,,,,,,,,,,,,,,,
/kaggle/working/idl-project/eval/20261006-074829Z_cond_w4_s100_host_D1_MINUS,cond_w4_s100_host_D1_MINUS,D1_MINUS,host,256,1.0,0.703125,0.6484375,0.7578125,0.2109375,0.16015625,0.26171875,943.626054763794,17.47455656969989,0.026825045144715016,0.019374576596702057,0.035570622405351374,0.004185915741293695,0.0033295823487845175,0.005293262110723328,0.0069251203668689925,0.005523444266188548,0.008775664014274834,0.00811822231543434,0.006974644346190448,0.009676563620884359,0.015190261153204905,0.011265706583571271,0.01970627460009048,0.199990528797522,0.1926665819350774,0.20701395929550942,0.018032307171431193,0.01506796472551928,0.021110305727916417,0.8473832089366061,0.8467134343480286,0.8480338405067581,0.0,0.0,0.0,0.0810988433459851,0.06836195376260214,0.10323464733287635,0.013229461450499292,-3.666884835014683,0.050640173132558454,0.0,0.5518229166666667,1.0040263191690235,1.0338116884231567,,,,,,,,,,,,,,,,,,,,,,,,,,,,,
/kaggle/working/idl-project/eval/20261006-120244Z_cond_w4_s100_host_D1_PLUS,cond_w4_s100_host_D1_PLUS,D1_PLUS,host,256,1.0,0.30859375,0.25390625,0.3671875,0.0390625,0.015625,0.0625,905.9465804100037,90.59465804100037,0.06542478807575913,0.05642425528198671,0.07468237330756808,0.011954623847174781,0.011021600144963646,0.013036229573467673,0.006435333658000252,0.0057553346034540775,0.007578441638588218,0.014418814504872715,0.013227719167707442,0.015794750499334896,0.01571002493133486,0.014114357081594506,0.018069182503448564,0.19536771693786292,0.18830064079342268,0.2017950956418081,0.023615101692572645,0.02024588898603314,0.02703805706915863,0.8463162434487445,0.8456250002663457,0.8470024095829148,0.0,0.0,0.0,0.09060600554126647,0.07768192805757416,0.10213115748714371,0.017597541198035367,-3.6626306453201103,0.05055442291295514,0.0,0.5576388888888889,1.0362174946042928,1.0725979804992676,,,,,,,,,,,,,,,,,,,,,,,,,,,,,
/kaggle/working/idl-project/eval/20261006-045430Z_cond_w4_s100_host_D2,cond_w4_s100_host_D2,D2,host,256,1.0,0.8671875,0.82421875,0.90625,0.4296875,0.3709960937500001,0.48828125,973.0420367717743,8.84583669792522,0.05505729145861128,0.04695855664529631,0.0650101210794066,0.008337742826765599,0.007168423672711375,0.009616029720675866,0.005277530723357656,0.0047510937934472945,0.0063723966033348844,0.013583948320792386,0.012152567682379123,0.015029023887656489,0.014442977049486546,0.012493132714850886,0.0177054372487998,0.19934529361210288,0.19200735297470814,0.20652762304119457,0.021724530697324076,0.018262048764888118,0.025319427132525673,0.8466269049289536,0.8460496733041479,0.8472076293797393,0.0,0.0,0.0,0.08777898499380421,0.07706439898821847,0.1108701119620813,0.01428670415735716,-3.6658350325837494,0.050179504920953744,0.0,0.5498263888888889,1.0581488193298452,1.057761549949646,,,,,,,,,,,,,,,,,,,,,,,,,,,,,
/content/drive/MyDrive/idl-project/eval/20261005-092746Z_cond_w4_s300_host_D1_MINUS,cond_w4_s300_host_D1_MINUS,D1_MINUS,host,256,1.0,0.765625,0.7109375,0.81640625,0.20703125,0.16015625,0.2578125,219.8100709915161,4.147359830028606,0.014788623347813638,0.011463488920433073,0.020579572777729132,0.003244703878394869,0.0025534040126698136,0.0042740202651510815,0.00559154871254028,0.004715847451794705,0.006924078833232335,0.008805156427120438,0.00692246906816358,0.010873395388386444,0.02024682821786112,0.01582532772512884,0.02579276054604587,0.1895884321949283,0.1824863913836499,0.1967219186962468,0.0155494859172071,0.01317563977178439,0.018089578875870354,0.8470752296470785,0.8464045982809426,0.8477472915537044,0.0,0.0,0.0,0.07405378434369322,0.07283202157467765,0.10655221162194554,0.010569750402529839,-3.6695436097880254,0.05103515653381262,0.0,0.53671875,1.001711391289255,1.0300449132919312,,,,,,,,,,,,,,,,,,,,,,,,,,,,,
/content/drive/MyDrive/idl-project/eval/20261005-021620Z_cond_w4_s300_host_D2,cond_w4_s300_host_D2,D2,host,256,1.0,0.8046875,0.75390625,0.8515625,0.47265625,0.41015625,0.53515625,227.50469636917114,1.8802041022245548,0.04470998186319876,0.0367018473475526,0.05313414186198968,0.008523142535439843,0.007440736434571634,0.00955718890889407,0.005898082441914502,0.0053367738626818595,0.006955610463179989,0.01514322941443287,0.013597839855452369,0.016875579090305848,0.020501467749040422,0.016620731339391164,0.024607255850713227,0.1883533844460444,0.18126744142904327,0.19520236683897654,0.017499266799573372,0.014508402861746154,0.020573808101056617,0.8470278997520806,0.8463865541887159,0.8476669587588271,0.0,0.0,0.0,0.07728322116134367,0.07586582110505216,0.11488501615721051,0.012637017640570437,-3.667510484845538,0.05085767997407031,0.0,0.5419270833333333,1.044213721188386,1.0513111352920532,,,,,,,,,,,,,,,,,,,,,,,,,,,,,
/kaggle/working/idl-project/eval/20261006-084200Z_cond_w6_s100_centre_D1_MINUS,cond_w6_s100_centre_D1_MINUS,D1_MINUS,centre,256,1.0,0.77734375,0.7265625,0.828125,0.234375,0.18359375,0.28515625,952.6842856407166,15.878071427345276,0.033657780430222224,0.029091946657555406,0.04031135625732597,0.006180426240728613,0.005003428530233965,0.007605397091043561,0.0036851084607114008,0.0033068535726899716,0.004855435948242533,0.011699489565704543,0.010043371549080865,0.013516558330461215,0.028566056449511455,0.02384158596451565,0.033420240309511524,0.22498201453255778,0.2169560368668673,0.23296115041302767,0.015202542949379777,0.012618891624772543,0.017783977352358038,0.8490450083083498,0.8483817853466572,0.8497064138334628,0.0,0.0,0.0,0.16510472639065027,0.204179106109893,0.337013830531464,0.029264066562150887,-3.6729861305692673,0.04090389220432035,0.0,0.39730902777777777,1.0324043354650854,1.0454822778701782,,,,,,,,,,,,,,,,,,,,,,,,,,,,,
/kaggle/working/idl-project/eval/20261006-125153Z_cond_w6_s100_centre_D1_PLUS,cond_w6_s100_centre_D1_PLUS,D1_PLUS,centre,256,1.0,0.421875,0.36328125,0.48046875,0.05078125,0.0234375,0.078125,954.5804147720337,73.42926267477182,0.0163796740805529,0.013935515299592695,0.021172120105110808,0.010127197015966143,0.009200037528402538,0.011194103080000503,0.009636209970859594,0.008283334675655913,0.011073128785151206,0.017991541654700013,0.01628280674967163,0.019966882118575235,0.023422901202387207,0.019385482211424658,0.027653233495905035,0.21475642278117127,0.20708257063895866,0.22278930158198662,0.021650156362644876,0.018504677756207226,0.02481436673564575,0.8472240092756184,0.8465379638911728,0.8479010688726883,0.0,0.0,0.0,0.170865552143443,0.20976392669235458,0.34229814884165677,0.030517102896974745,-3.670167336188044,0.04281408860554313,0.0,0.41206597222222224,1.0015385016484755,1.0515680313110352,,,,,,,,,,,,,,,,,,,,,,,,,,,,,
/kaggle/working/idl-project/eval/20261006-054735Z_cond_w6_s100_centre_D2,cond_w6_s100_centre_D2,D2,centre,256,1.0,0.98828125,0.97265625,1.0,0.61328125,0.5546875,0.671875,972.070371389389,6.191531027957892,0.00989747616481986,0.007172716051223689,0.015289459880759464,0.008913035016311622,0.00781864189259775,0.010035869258081592,0.006788280958309049,0.0055260285845717206,0.008492055760135031,0.014831676688118876,0.013186701180448453,0.01649864614127396,0.01958165351778448,0.015630015044243745,0.023363294679463166,0.22216281314235303,0.21403448661892296,0.23030789215719216,0.015482053304439379,0.012940447207401083,0.01820830236257862,0.8483566427850551,0.8478004438089133,0.8488956998162503,0.0,0.0,0.0,0.1581778481715819,0.20227423758075694,0.35321342861997485,0.03166196181851194,-3.6727772969114865,0.04206818848066933,0.0,0.40130208333333334,1.0176601792332889,1.0253573656082153,,,,,,,,,,,,,,,,,,,,,,,,,,,,,
/kaggle/working/idl-project/eval/20261006-082428Z_cond_w6_s100_host_D1_MINUS,cond_w6_s100_host_D1_MINUS,D1_MINUS,host,256,1.0,0.76171875,0.70703125,0.8125,0.25390625,0.203125,0.30859375,965.2706828117371,14.850318197103647,0.034030130925154695,0.02569545782891765,0.042643081199466026,0.0035645421907498317,0.002728681117941775,0.004903924983295811,0.007137221089552601,0.005539954955249637,0.0090147669936644,0.010070252896924311,0.008090049863053637,0.012179401511959127,0.015248868458762176,0.011444660634617233,0.019906567683972948,0.20190320294709047,0.1939417265008475,0.20956840230421167,0.018194858751202886,0.015393967089887394,0.021109735787958907,0.8466625645200527,0.8459826016816124,0.8473219453556872,0.0,0.0,0.0,0.08795824739212121,0.08267913488375284,0.10353785534537993,0.015257147741221517,-3.664858011258991,0.05094241344681187,0.0,0.5483506944444444,1.014378326704527,1.0234754085540771,,,,,,,,,,,,,,,,,,,,,,,,,,,,,
/kaggle/working/idl-project/eval/20261006-123522Z_cond_w6_s100_host_D1_PLUS,cond_w6_s100_host_D1_PLUS,D1_PLUS,host,256,1.0,0.4453125,0.3828125,0.5078125,0.03515625,0.015625,0.05859375,896.3833994865417,99.59815549850464,0.07604091589555655,0.06743471040871392,0.08497238114120528,0.012103722231746676,0.011186698658573769,0.013075701113687117,0.008360173473833579,0.007431055408201494,0.009704942618075429,0.01610207304153015,0.014657517412703951,0.01770331272732448,0.016000187525569434,0.01380271128110664,0.01992311371680295,0.20100458985582367,0.193569467615178,0.20891373929364712,0.029040902578045993,0.025242643192244993,0.032976768884774146,0.8464629201682026,0.8457900551794667,0.8471276719768727,0.0,0.0,0.0,0.09600751587695512,0.08464213305162366,0.11236091356952889,0.019683368363483607,-3.6606707693350664,0.05299299985067659,0.0,0.5692708333333333,1.0120177645185982,1.0853272676467896,,,,,,,,,,,,,,,,,,,,,,,,,,,,,
/kaggle/working/idl-project/eval/20261006-053101Z_cond_w6_s100_host_D2,cond_w6_s100_host_D2,D2,host,256,1.0,0.9375,0.90625,0.96484375,0.5390625,0.4765625,0.6015625,918.5644600391388,6.6562642031821655,0.06446615619627882,0.05574256836151106,0.07406183898270871,0.008177354761514252,0.0072151891782425105,0.009253385328077313,0.006663458956401544,0.00543441444306975,0.008406820351596038,0.012009678055159536,0.010569922535055924,0.013676673290795978,0.012245468349173899,0.01047999247239418,0.01622441864338796,0.20832105505622694,0.20094133629260785,0.2156721942607171,0.026046580704246442,0.022208202396278694,0.030018959914475136,0.8466581331484361,0.8460019026117562,0.847303914434607,0.0,0.0,0.0,0.09224861250374305,0.08060664922829663,0.10267845219536031,0.016124435431543755,-3.6639877387006834,0.051240184155126975,0.0,0.5579861111111111,1.0390526190150091,1.0339685678482056,,,,,,,,,,,,,,,,,,,,,,,,,,,,,
/content/drive/MyDrive/idl-project/eval/20261005-093232Z_cond_w6_s300_host_D1_MINUS,cond_w6_s300_host_D1_MINUS,D1_MINUS,host,256,1.0,0.84765625,0.80078125,0.890625,0.23046875,0.1796875,0.28515625,213.25390005111694,3.614472882222321,0.01658626870355972,0.012595480277499333,0.022556599873404592,0.004276294707166884,0.0032917256351764263,0.00539034318701642,0.005905707025132328,0.004924352797109878,0.007317336896146244,0.00942612334692075,0.007729886866804671,0.011576556304484543,0.018440514665787687,0.014043666365880763,0.023514127213996528,0.1946835322538552,0.18754373649539283,0.20232964948869997,0.015439708850645238,0.012900629512054923,0.018077911282237295,0.847180135207915,0.8464959172713505,0.8478523322456146,0.0,0.0,0.0,0.0683451479805368,0.07212990036174595,0.10291147818210893,0.010887570309273589,-3.669236607759707,0.04956312568402594,0.0,0.5407118055555555,0.9824618579540766,1.0204323530197144,,,,,,,,,,,,,,,,,,,,,,,,,,,,,
/content/drive/MyDrive/idl-project/eval/20261005-022112Z_cond_w6_s300_host_D2,cond_w6_s300_host_D2,D2,host,256,1.0,0.97265625,0.94921875,0.9921875,0.5625,0.5,0.625,209.40008926391602,1.4541672865549724,0.04832301954653033,0.03971011899208243,0.057348437413538976,0.00806555097405138,0.0068472707525005574,0.009346041050039257,0.0056053182292819135,0.005118441209226712,0.006535793754024601,0.015215803049543005,0.013556324114998176,0.016931313907403607,0.014821971635748023,0.0119937359553825,0.018493768168038487,0.19604858388545562,0.18788166324425165,0.20364767366949596,0.01968255943344432,0.016591224484310944,0.022839560560026395,0.8466672074423488,0.8459867054739044,0.8473344062039563,0.0,0.0,0.0,0.07809573156102849,0.07870227176727668,0.09714280965758024,0.013431074023804352,-3.6666954693215983,0.05010976840006719,0.0,0.5487847222222222,1.025191246502722,1.0396571159362793,,,,,,,,,,,,,,,,,,,,,,,,,,,,,
00000000-000000Z_floor_D1_MINUS,floor,D1_MINUS,,,,,,,,,,,,0.015988554782440288,0.011092952788618242,0.021641507281663336,0.0023612734779200105,0.0017161165273286028,0.0033836595269866507,0.0034128719148921603,0.002566704857201916,0.004431884478612442,0.0031248403198839156,0.002468095210755699,0.004094267264390748,0.017315589907717702,0.013426729137966074,0.021506068389259513,0.0,0.0,0.0,0.010993616789162414,0.009511223357237211,0.012533034624271215,0.8495918859436487,0.8491348660543926,0.850039375993018,0.0,0.0,0.0,0.06292329097942352,0.06658618677343825,0.11460842412470543,0.004792081063571157,-3.6806915074266477,0.04987136498775802,0.0,,,,floor (natural train vs natural test),512,,,,,,,,,,,,,,,,,,,,,,,,,,,
00000000-000000Z_floor_D1_PLUS,floor,D1_PLUS,,,,,,,,,,,,0.018270875561993378,0.013733601147297768,0.023746508516414522,0.0022891258433308044,0.001980905230438269,0.00291974674706909,0.001967988064500345,0.001458165737212018,0.002962077546574796,0.0027507456956658597,0.0019257519979461206,0.004082861432987503,0.0034889929548760808,0.002844037636942995,0.0064985895290767814,0.0,0.0,0.0,0.006819385422541895,0.005554182376281147,0.008148420080957525,0.8486551313310294,0.8482582735782168,0.8490557588776332,0.0,0.0,0.0,0.06292329097942352,0.06658618677343825,0.11460842412470543,0.004792081063571157,-3.6806915074266477,0.04987136498775802,0.0,,,,floor (natural train vs natural test),512,,,,,,,,,,,,,,,,,,,,,,,,,,,
00000000-000000Z_floor_D2,floor,D2,,,,,,,,,,,,0.012961613437069619,0.008978737765451363,0.018922627625123298,0.0012465535873384202,0.001146731060589141,0.002078525214630191,0.002679862402582317,0.0020022941322220766,0.0036916642779382756,0.002908415244033631,0.0021254844057984204,0.0042284780374275705,0.0038618634450721754,0.003205751213215205,0.006291262959219055,0.0,0.0,0.0,0.010379156033982005,0.008859328310330306,0.011986414304785585,0.8487547754623934,0.8483502081690726,0.8491512404848761,0.0,0.0,0.0,0.06292329097942352,0.06658618677343825,0.11460842412470543,0.004792081063571157,-3.6806915074266477,0.04987136498775802,0.0,,,,floor (natural train vs natural test),512,,,,,,,,,,,,,,,,,,,,,,,,,,,
/content/drive/MyDrive/idl-project/eval/20261004-230447Z_hand_insert_D1_MINUS,hand_insert_D1_MINUS,D1_MINUS,hand_insert,256,1.0,0.34375,0.28515625,0.40234375,0.0625,0.03515625,0.09375,57.78040146827698,3.611275091767311,0.0324863952545176,0.025863046535912326,0.039399635241600076,0.006142995816539616,0.005135061626919206,0.007331693361745636,0.008660273397981989,0.006994532827557553,0.010516378552829391,0.004647735315600065,0.003999032680036199,0.006049888906761043,0.014570075289883933,0.01229850744865323,0.019049978728436612,0.19653197527524754,0.18828868240502217,0.20529480793392157,0.01669988359770159,0.013405661600417599,0.020378795147991555,0.8467974098321265,0.8461575790370872,0.8474288250221855,0.0,0.0,0.0,0.06036638096424549,0.05513774762551088,0.08124797354275895,0.01424287117101634,-3.665886647920181,0.053975143554502884,0.0,,0.9615872712634581,1.0123940706253052,,,298169691900.86017,794143386.2710701,1.2498001410894849e+23,0.026712290945068228,0.025579614778854422,0.02806487361817541,0.021045701994717846,0.019294168806828584,0.022827423634663127,0.0209829272919331,0.020059212921211714,0.0222361858587709,0.025788776478797543,0.023880788352268086,0.02866702513748618,0.0,0.0,0.0,0.34917309523600887,0.3414536003573654,0.35681886501534643,0.35011847618431935,0.33315771924980864,0.3680555118488002,0.921875,0.88671875,0.953125
/content/drive/MyDrive/idl-project/eval/20261004-230801Z_hand_insert_D1_PLUS,hand_insert_D1_PLUS,D1_PLUS,hand_insert,256,1.0,1.0,1.0,1.0,0.015625,0.00390625,0.03125,68.38569927215576,17.09642481803894,0.08643636237314478,0.07699818983990268,0.09585535959904401,0.011882133180611966,0.010998410101868309,0.012915349363312817,0.00631870858293695,0.005545185038148001,0.0077551842634809316,0.008809791800423274,0.007453614507916927,0.010387490528592688,0.01876251455928913,0.014331916934542874,0.023615131122841443,0.22010381726652967,0.21209219991252315,0.22873394673440967,0.0239142921246031,0.020457501220515772,0.02746402548163378,0.8469600705167672,0.8463039394596062,0.8476097325288063,0.0,0.0,0.0,0.05565815349634089,0.05263135424269672,0.08318472394999107,0.011393935138672692,-3.6687305345710666,0.055557484440189334,0.0,,1.0736354797486198,1.0816761255264282,,,1328380799029.6465,26651523.649602618,2836130169639.975,0.018451669387098513,0.017498447623300512,0.01956414674451984,0.02302152945054865,0.02124005184849162,0.02484821763603148,0.026999518135761975,0.02554524222939439,0.02854778141513246,0.029379991808891757,0.02683422174720062,0.0324023540862539,0.0,0.0,0.0,0.33582976211896987,0.3274219780524607,0.3443758637708652,0.4341411104139669,0.41798630665390957,0.45004424095612683,0.8515625,0.8046875,0.89453125
/content/drive/MyDrive/idl-project/eval/20261004-230129Z_hand_insert_D2,hand_insert_D2,D2,hand_insert,256,1.0,1.0,1.0,1.0,0.296875,0.2421875,0.35546875,57.10670709609985,0.7514040407381559,0.0865953184821675,0.07735078678937514,0.09544038562753843,0.0067171989534725255,0.005932527457384353,0.007749739873871741,0.0053493745233142665,0.004356198358102915,0.007154766484177842,0.006623469486411623,0.0053170669018878765,0.00832316134689441,0.014409681998489195,0.010350503451300034,0.019459625957820054,0.19579792897428222,0.18818395523211706,0.2032546256856028,0.03336665328811135,0.029128406748834792,0.037858195578441,0.8464140376089841,0.8457703389355492,0.847054469071956,0.0,0.0,0.0,0.06115834074611172,0.05911636460049946,0.0818115347124434,0.013469263111793138,-3.666652419184892,0.05506453841592286,0.0,,1.0621481068574958,1.0435762405395508,,,85892908549.63515,1598309738.541793,3.1517298781475654e+17,0.018639969853173715,0.017389486423520107,0.020182996827357916,0.012682879585068647,0.011784258118715503,0.014068626004494692,0.02136551989894423,0.01992702107096624,0.022978887168825155,0.03159659452782375,0.02852153247396638,0.03458881356592913,0.0,0.0,0.0,0.288982214918844,0.2800791193642969,0.2981172065242248,0.3810487486132361,0.3628680358592887,0.3991888699840249,0.87890625,0.8359375,0.91796875
/content/drive/MyDrive/idl-project/eval/20261004-232153Z_local_melt_quench_D1_MINUS,local_melt_quench_D1_MINUS,D1_MINUS,local_melt_quench,256,1.0,0.01171875,0.0,0.02734375,0.0,0.0,0.0,850.5730984210968,inf,0.024101833493631767,0.018823007478584022,0.030690510801251455,0.005866169915965742,0.004983884570784702,0.0069429131784432925,0.009504935223114575,0.007537346860873201,0.011485795209704962,0.005021382033009572,0.0038979252314516994,0.007033520993677983,0.01432872959360382,0.011179740057904996,0.018285368130682014,0.10798446434975491,0.1015728573080825,0.11436299872668337,0.007101117376070233,0.005320129199200604,0.008975550036407907,0.8477085653638483,0.8470919093690926,0.8483206402951196,0.0,0.0,0.0,0.060188625574111775,0.05944370706609757,0.0958130016125892,0.012882744186108084,-3.6673105247461892,0.05038918668659469,0.0,,0.9708411163941197,1.0088144540786743,,,,,,,,,,,,,,,,,,,,,,,,,,,,,
/content/drive/MyDrive/idl-project/eval/20261004-233016Z_local_melt_quench_D1_PLUS,local_melt_quench_D1_PLUS,D1_PLUS,local_melt_quench,256,1.0,0.00390625,0.0,0.01171875,0.0078125,0.0,0.01953125,851.5917086601257,425.79585433006287,0.08164172163363906,0.0733669564433713,0.09007030722229686,0.011843343870326442,0.011015531013306743,0.012844791276259735,0.0076294663514426195,0.006714256564183316,0.009247859404112498,0.008927974849924006,0.007636013346765429,0.010260358620673829,0.021050016938920193,0.016795502836810885,0.025920557428363713,0.10798446434975491,0.1015728573080825,0.11436299872668337,0.018101834606681765,0.015064465089983482,0.021426356234282434,0.8477085653638483,0.8470919093690926,0.8483206402951196,0.0,0.0,0.0,0.060188625574111775,0.05944370706609757,0.0958130016125892,0.012882744186108084,-3.6673105247461892,0.05038918668659469,0.0,,1.0757342008951782,1.0873771905899048,,,,,,,,,,,,,,,,,,,,,,,,,,,,,
/content/drive/MyDrive/idl-project/eval/20261004-231335Z_local_melt_quench_D2,local_melt_quench_D2,D2,local_melt_quench,256,1.0,0.0546875,0.02734375,0.08203125,0.05078125,0.02734375,0.078125,842.29314494133,64.79178038010231,0.06509036394993478,0.055627307194784474,0.07436036751587753,0.006082289472207562,0.005314850893910409,0.007231630691119186,0.005376966394131046,0.004586453751290808,0.0068119285817300436,0.005873447661063909,0.004694944227155932,0.007769370173048991,0.01769587939242725,0.01291814832974248,0.0228624449930987,0.10377893710717505,0.0977441281748572,0.10970618534228341,0.01994283542695656,0.016287690100280666,0.023853136479826703,0.8477250199112376,0.8470922678772861,0.8483448138097298,0.0,0.0,0.0,0.06625586866464818,0.061417921853476776,0.10217454767993714,0.012605001194187029,-3.667544500456498,0.054279125186073,0.0,,1.0694769342310326,1.0410257577896118,,,,,,,,,,,,,,,,,,,,,,,,,,,,,
