run,method,defect,mode,n_samples,relax_converged,success_before_relax,success_before_relax_lo,success_before_relax_hi,success_after_relax,success_after_relax_lo,success_after_relax_hi,seconds_total,seconds_per_success,local.w1_pe_atom,local.w1_pe_atom_lo,local.w1_pe_atom_hi,local.w1_bond_angle,local.w1_bond_angle_lo,local.w1_bond_angle_hi,local.w1_pair_AA,local.w1_pair_AA_lo,local.w1_pair_AA_hi,local.w1_pair_AB,local.w1_pair_AB_lo,local.w1_pair_AB_hi,local.w1_pair_BB,local.w1_pair_BB_lo,local.w1_pair_BB_hi,local.w1_relax_disp,local.w1_relax_disp_lo,local.w1_relax_disp_hi,local.frac_pe_above_ref_p99,local.frac_pe_above_ref_p99_lo,local.frac_pe_above_ref_p99_hi,local.min_pair_dist,local.min_pair_dist_lo,local.min_pair_dist_hi,local.overlap_rate,local.overlap_rate_lo,local.overlap_rate_hi,global.gr_l1_AA,global.gr_l1_AB,global.gr_l1_BB,global.w1_pe_atom,global.pe_atom_mean,global.psi6_global_mean,global.crystallized_fraction,diversity.spread_ratio,diversity.nn_train_ratio,local_unrelaxed.w1_pe_atom,local_unrelaxed.w1_pe_atom_lo,local_unrelaxed.w1_pe_atom_hi,local_unrelaxed.w1_bond_angle,local_unrelaxed.w1_bond_angle_lo,local_unrelaxed.w1_bond_angle_hi,local_unrelaxed.w1_pair_AA,local_unrelaxed.w1_pair_AA_lo,local_unrelaxed.w1_pair_AA_hi,local_unrelaxed.w1_pair_AB,local_unrelaxed.w1_pair_AB_lo,local_unrelaxed.w1_pair_AB_hi,local_unrelaxed.w1_pair_BB,local_unrelaxed.w1_pair_BB_lo,local_unrelaxed.w1_pair_BB_hi,local_unrelaxed.w1_relax_disp,local_unrelaxed.w1_relax_disp_lo,local_unrelaxed.w1_relax_disp_hi,local_unrelaxed.frac_pe_above_ref_p99,local_unrelaxed.frac_pe_above_ref_p99_lo,local_unrelaxed.frac_pe_above_ref_p99_hi,local_unrelaxed.min_pair_dist,local_unrelaxed.min_pair_dist_lo,local_unrelaxed.min_pair_dist_hi,local_unrelaxed.overlap_rate,local_unrelaxed.overlap_rate_lo,local_unrelaxed.overlap_rate_hi,kind,n_windows
/content/drive/MyDrive/idl-project/eval/20261004-172224Z_B1_uncond_centre_D2,B1_uncond_centre_D2,D2,centre,256,1.0,0.0,0.0,0.0,0.0,0.0,0.0,642.5840790271759,inf,0.08728236880008772,0.08261440033607606,0.09191052212670252,0.017939756145318175,0.017077100226382647,0.018849199310655547,0.023414509309832923,0.021474687849681297,0.02518520257661094,0.034023381772780664,0.03237390105651831,0.03569945193747495,0.08958496486793396,0.08455403699414371,0.09449884063552601,0.13893509522782146,0.13262249290787625,0.14509993372529278,0.00331146400588889,0.001988564721350723,0.004764582162536477,0.8511886788529737,0.8505743824200915,0.8518113745679203,0.0,0.0,0.0,0.30801630233387134,0.4914186243034349,0.91312919673209,0.07975719239977629,-3.7198976238906467,0.03198329336795444,0.0,1.0348358191130174,1.1592292785644531,,,,,,,,,,,,,,,,,,,,,,,,,,,,,
/content/drive/MyDrive/idl-project/eval/20261004-173415Z_B4_clamp_patch_D2,B4_clamp_patch_D2,D2,patch,256,1.0,1.0,1.0,1.0,0.375,0.31640625,0.43359375,627.0824761390686,6.532109126448631,0.05171360880314568,0.046533507315740956,0.05730525832179176,0.014176155792165275,0.013098793701616273,0.01538048041611498,0.01947114160913035,0.017548332555936744,0.021424685452420832,0.02720679891829053,0.025631177768920606,0.028907482476018032,0.067287828044884,0.06245955615689297,0.07236245010032546,0.16316853878349327,0.1569335290069076,0.16971396085392396,0.003610515132214169,0.0024616876735212376,0.0048606947918970215,0.849688360202111,0.8490579276078113,0.8503132176384585,0.0,0.0,0.0,0.27068902390472244,0.43887667749358494,0.8335364926962928,0.06987897427320912,-3.7132193840167917,0.03490635740125397,0.0,1.0149628435768525,1.0777102708816528,,,,,,,,,,,,,,,,,,,,,,,,,,,,,
/content/drive/MyDrive/idl-project/eval/20261004-174537Z_B5_repaint_patch_D2,B5_repaint_patch_D2,D2,patch,256,1.0,1.0,1.0,1.0,0.35546875,0.296875,0.4140625,644.1680951118469,7.078770275954362,0.05027460398129741,0.04547329579584721,0.05495071003840671,0.013259618158086708,0.012233612810801571,0.014286944957120372,0.015252437754203024,0.013411071875424228,0.017252193392667,0.024354524107324985,0.02272250294265739,0.026037101810517858,0.054071653579022945,0.0493566950902318,0.05886451199175504,0.1764141546116654,0.1695990280522456,0.18361810032620693,0.0071207123305898805,0.005262564987332336,0.009113675562145212,0.8494607167751271,0.8488412670684936,0.8500861973063778,0.0,0.0,0.0,0.2764080864805132,0.4273902278895872,0.8204182554294839,0.06956306712349322,-3.71259675505724,0.03231048904540215,0.0,1.0351385433352647,1.073628306388855,,,,,,,,,,,,,,,,,,,,,,,,,,,,,
/content/drive/MyDrive/idl-project/eval/20261004-175716Z_B5_repaint_host_D2,B5_repaint_host_D2,D2,host,256,1.0,0.03125,0.01171875,0.0546875,0.02734375,0.0078125,0.05078125,646.9166781902313,92.4166683128902,0.0617787278007315,0.0580888115443435,0.06676755307410821,0.015510467313424484,0.01449430210151411,0.01655595036493859,0.01096774837162413,0.010046616057362123,0.012252483182285952,0.02096636725248973,0.019457808761276518,0.02268933523707478,0.0443851944158893,0.04030050487530561,0.048786462960248696,0.18735233839396115,0.18042622429218003,0.19545018094312167,0.010105299801407265,0.008082335094773064,0.012218841920023288,0.849381015982819,0.8486913436994014,0.8500662453162117,0.0,0.0,0.0,0.09418296598419378,0.1025769219163485,0.14618836734771157,0.011554823286024942,-3.672978530225202,0.04749998817401725,0.0,1.0891019702495113,1.100395679473877,,,,,,,,,,,,,,,,,,,,,,,,,,,,,
/content/drive/MyDrive/idl-project/eval/20261004-180907Z_cond_w0_centre_D2,cond_w0_centre_D2,D2,centre,256,1.0,0.328125,0.2734375,0.38671875,0.22265625,0.171875,0.2734375,653.1074795722961,11.458025957408704,0.06297481929382787,0.05787274812784609,0.06753972946929314,0.015793837187203355,0.014774261704775915,0.016724970396875687,0.021631987043634726,0.01989622918069335,0.023337502111449786,0.029999032026296925,0.028317474127491415,0.031516829728254724,0.0732225152026293,0.06818668741499131,0.07793173355060352,0.13469406332708042,0.12963330530408604,0.140345341093247,0.004156667574046759,0.002810453196072557,0.00565063304195456,0.8495260298727461,0.8488736973857812,0.8501965396634744,0.0,0.0,0.0,0.28019114833004427,0.44635499565489,0.8286104198004057,0.0720330669994553,-3.714506598081723,0.03300840767375916,0.0,1.0077646404024942,1.0975316762924194,,,,,,,,,,,,,,,,,,,,,,,,,,,,,
/content/drive/MyDrive/idl-project/eval/20261004-182054Z_cond_w2_centre_D2,cond_w2_centre_D2,D2,centre,256,1.0,0.76171875,0.70703125,0.8125,0.38671875,0.328125,0.4453125,1227.817851305008,12.402200518232403,0.0546420211192653,0.04982636513477592,0.05973093682148616,0.014393890505614517,0.013554512559485218,0.015472727862477026,0.018863334013270717,0.017201745597748685,0.02069728697553661,0.026549680748816355,0.024969087416320146,0.02827285691855176,0.06394674553475449,0.059455110644398027,0.06849435365352842,0.14542213389641176,0.13917323730293268,0.1519232904292326,0.005024739708203451,0.0034865728834019274,0.006612261293822176,0.8493141373383623,0.8485970437967216,0.8500290969397759,0.0,0.0,0.0,0.2634953196156227,0.43032633548795063,0.7894546545732023,0.06921989951498206,-3.7141189181027046,0.03531579662607503,0.0,0.9807263465981797,1.0613797903060913,,,,,,,,,,,,,,,,,,,,,,,,,,,,,
/content/drive/MyDrive/idl-project/eval/20261004-184215Z_cond_w0_host_D2,cond_w0_host_D2,D2,host,256,1.0,0.35546875,0.296875,0.4140625,0.2265625,0.17578125,0.27734375,639.1302580833435,11.019487208333508,0.030573155491177118,0.025936661146451757,0.03672482460274934,0.011454567029128785,0.010448230788330532,0.012530241504323449,0.011493419457795636,0.009938432565441966,0.013159169752527835,0.0206910756932098,0.019030041744502943,0.022438311643770335,0.040478184809268375,0.03647691460305975,0.0450583144870026,0.1497024052845205,0.14428225540606476,0.15529557458923232,0.010590322124946254,0.008120967850587779,0.013251385441742565,0.8477291607828492,0.8470334236261425,0.8484233730182638,0.0,0.0,0.0,0.0654025461457348,0.07837223941813959,0.14514333480430583,0.007764796517876409,-3.6756036642043615,0.04833312746191276,0.0,1.042210206517211,1.0561383962631226,,,,,,,,,,,,,,,,,,,,,,,,,,,,,
/content/drive/MyDrive/idl-project/eval/20261004-185359Z_cond_w2_host_D2,cond_w2_host_D2,D2,host,256,1.0,0.65625,0.59765625,0.71484375,0.36328125,0.3046875,0.421875,1209.3667812347412,13.00394388424453,0.021475751194108328,0.016780767246098498,0.02690723707173257,0.011364866613168396,0.010272693031946374,0.012549163184536591,0.010229622829015293,0.008703332217382823,0.01186561676186512,0.017409917183112716,0.01574110151654782,0.019199359162623896,0.03647011388242793,0.03175334184197514,0.040985307698448374,0.1617551958589587,0.1557972715170363,0.16790697028752152,0.011368329339951582,0.00917604186841032,0.013639511590669104,0.8471950076574877,0.8465642915109002,0.8478139810287394,0.0,0.0,0.0,0.06620979194707137,0.06840739555675944,0.12921135130615138,0.006428717457549728,-3.675500814872298,0.04786630708654275,0.0,1.0466469929957263,1.0566521883010864,,,,,,,,,,,,,,,,,,,,,,,,,,,,,
/content/drive/MyDrive/idl-project/eval/20261004-191513Z_B1_uncond_centre_D1_MINUS,B1_uncond_centre_D1_MINUS,D1_MINUS,centre,256,1.0,0.0,0.0,0.0,0.0078125,0.0,0.01953125,640.6106102466583,320.30530512332916,0.11923262661202688,0.11324007235156855,0.12489221840876727,0.01046560319958853,0.009634234464536004,0.011414781244991335,0.02150516492451198,0.019723034310159895,0.02307602109492636,0.030790903545079375,0.02921303661537108,0.03230795301450627,0.08617339961853493,0.08097487971375966,0.09108596760955724,0.13893509522782146,0.13262249290787625,0.14509993372529278,0.0004818404634581105,0.00011488970588235294,0.0009789995543672014,0.8511886788529737,0.8505743824200915,0.8518113745679203,0.0,0.0,0.0,0.30801630233387134,0.4914186243034349,0.91312919673209,0.07975719239977629,-3.7198976238906467,0.03198329336795444,0.0,0.9370757788172621,1.046714186668396,,,,,,,,,,,,,,,,,,,,,,,,,,,,,
/content/drive/MyDrive/idl-project/eval/20261004-192656Z_B4_clamp_patch_D1_MINUS,B4_clamp_patch_D1_MINUS,D1_MINUS,patch,256,1.0,0.48828125,0.4296875,0.55078125,0.04296875,0.01953125,0.0703125,641.0980236530304,58.28163851391185,0.1009543690982484,0.09439907827299628,0.10743453803411354,0.007759866673071714,0.006833723142712524,0.008745196488834683,0.016311974194024484,0.014578392357192237,0.018058313091616755,0.02497757757482355,0.023315504210882545,0.02661866317522324,0.07068805602083317,0.06507665037097352,0.07587363650628332,0.18604071346958478,0.17862221478915372,0.1933864386466374,0.0013608562666467079,0.0006767716556319497,0.002162732622865895,0.8503646961802032,0.8497354432024113,0.8509854523691572,0.0,0.0,0.0,0.29392894619975024,0.4713417021374092,0.8771219912545372,0.07580444236314675,-3.7180260377040106,0.03288645233873354,0.0,0.943588043841306,1.0197876691818237,,,,,,,,,,,,,,,,,,,,,,,,,,,,,
/content/drive/MyDrive/idl-project/eval/20261004-193833Z_B5_repaint_patch_D1_MINUS,B5_repaint_patch_D1_MINUS,D1_MINUS,patch,256,1.0,0.515625,0.453125,0.578125,0.06640625,0.0390625,0.09765625,645.0762794017792,37.9456634942223,0.07090939776136611,0.06549828363287664,0.07744372382607766,0.006673689484544206,0.005762740341777035,0.007690343593714944,0.011774065247796218,0.010407476225198437,0.01337039000289706,0.022228796242859044,0.02079444443290418,0.023930360345087703,0.05906840861083739,0.05422787977186601,0.06462548577658166,0.19021363112497874,0.1830649998652001,0.1971737517259793,0.002559431826472564,0.0014988941716120821,0.003739294926461144,0.8504013923268346,0.849744475904391,0.851030010245122,0.0,0.0,0.0,0.28175527784048365,0.4502147605637963,0.8342406929245852,0.07145841256561242,-3.713092554209461,0.03255208660690066,0.0,0.9772695303229153,1.0283536911010742,,,,,,,,,,,,,,,,,,,,,,,,,,,,,
/content/drive/MyDrive/idl-project/eval/20261004-195013Z_B5_repaint_host_D1_MINUS,B5_repaint_host_D1_MINUS,D1_MINUS,host,256,1.0,0.046875,0.0234375,0.07421875,0.015625,0.00390625,0.03125,650.3182089328766,162.57955223321915,0.05329307113107579,0.04800611515706693,0.05887138556829076,0.006290574888544694,0.005469251492542193,0.007355735997561529,0.008230309108338373,0.006613567789604348,0.009910481142321933,0.01725019721450273,0.015599868442551037,0.018895578055383548,0.040097466799731724,0.035208982372149616,0.04484499851515575,0.17984273948782853,0.17245917904353222,0.18734962233721456,0.003225383484089159,0.0020915105221507267,0.004464938487174973,0.8493538754871718,0.8487161963647205,0.84999413759785,0.0,0.0,0.0,0.08807783337050373,0.10074567409940867,0.14405341699079585,0.010769193061263605,-3.6733285331493923,0.04527980442084277,0.0,0.9955623322260738,1.0323736667633057,,,,,,,,,,,,,,,,,,,,,,,,,,,,,
/content/drive/MyDrive/idl-project/eval/20261004-200207Z_cond_w0_centre_D1_MINUS,cond_w0_centre_D1_MINUS,D1_MINUS,centre,256,1.0,0.1875,0.140625,0.234375,0.08984375,0.0546875,0.125,637.0753443241119,27.698928014091823,0.07631648885900832,0.07050263012519298,0.08207812231517456,0.007472190737701478,0.006367713469373996,0.0086279060581033,0.017268900804722532,0.01548266128658962,0.01906848231381953,0.02631395485378298,0.024682256900492593,0.02787035256112965,0.07770538275059707,0.07259237673498227,0.0827898489819585,0.14784372516292876,0.14035044686101195,0.1551364316137836,0.0032346112137012872,0.0019734125968687666,0.0046659390041383945,0.8510498443744972,0.8503937665838724,0.8517157966526279,0.0,0.0,0.0,0.28498382878104195,0.45434362913054144,0.8382820308769873,0.07234021469721938,-3.71567840304881,0.03190946228746494,0.0,0.9666276466817093,1.0395268201828003,,,,,,,,,,,,,,,,,,,,,,,,,,,,,
/content/drive/MyDrive/idl-project/eval/20261004-201338Z_cond_w2_centre_D1_MINUS,cond_w2_centre_D1_MINUS,D1_MINUS,centre,256,1.0,0.54296875,0.48046875,0.60546875,0.296875,0.2421875,0.3515625,1217.2453203201294,16.016385793685913,0.05541616502549323,0.05080160413630517,0.06048410706334695,0.005453034607592386,0.00481747195041893,0.006470730271171546,0.012675312619769147,0.011026579202665967,0.014333440888419202,0.023300094759267066,0.021834245266263458,0.02498992546188766,0.07697845648138019,0.07117161307779285,0.0829059433789301,0.15767652649340053,0.15082708811412426,0.1643122455406813,0.011557352437935707,0.009690766298615304,0.013444900084233732,0.8511513712459557,0.850444826239776,0.8518684619268254,0.0,0.0,0.0,0.28456482206854816,0.4578042083434711,0.8457693371094528,0.0722567000955176,-3.7161718106094925,0.03433187392241284,0.0,1.017856329852227,1.063442349433899,,,,,,,,,,,,,,,,,,,,,,,,,,,,,
/content/drive/MyDrive/idl-project/eval/20261004-203449Z_cond_w0_host_D1_MINUS,cond_w0_host_D1_MINUS,D1_MINUS,host,256,1.0,0.1640625,0.12109375,0.2109375,0.08984375,0.05859375,0.125,624.0503916740417,27.132625724958338,0.053760232705637054,0.04624349798656312,0.061261685288953545,0.00579942423920411,0.004884695471491578,0.007109778646329421,0.01142677048686901,0.010246495910376014,0.012776280507060055,0.016435958223718614,0.014914937597432667,0.01802322291754458,0.03957204197023783,0.034415686130574115,0.04554705649024737,0.15587998072841489,0.1499953181293966,0.16277015199050915,0.005781399450235432,0.004135691137567825,0.007585713371549695,0.8480567587229231,0.8473730776048107,0.8487227069462422,0.0,0.0,0.0,0.07152292884773602,0.07368093086819004,0.1492464020974614,0.008173201620134372,-3.6775256878605065,0.04853079023169213,0.0,0.9801996638049318,1.0186975002288818,,,,,,,,,,,,,,,,,,,,,,,,,,,,,
/content/drive/MyDrive/idl-project/eval/20261004-204617Z_cond_w2_host_D1_MINUS,cond_w2_host_D1_MINUS,D1_MINUS,host,256,1.0,0.66015625,0.6015625,0.71875,0.22265625,0.171875,0.2734375,1204.679401397705,21.134726340310614,0.018754016955805464,0.014038042485963138,0.02613108840464328,0.002790869169737813,0.0024400828250252904,0.0039939439852181725,0.00865337987816503,0.00744001721258887,0.010084671434217284,0.012420175019377169,0.010784766030723042,0.014192244911386688,0.03450430399653733,0.029457208827031654,0.03968297461551173,0.16469411255146782,0.15845353094008802,0.1710337460918517,0.013132666413833028,0.01080225819612883,0.015536614344356846,0.8473565189106769,0.846660571820051,0.8480479651708844,0.0,0.0,0.0,0.06626407714403865,0.06879808760649417,0.13415325760480812,0.007306578166633448,-3.674137273583349,0.048063836124331724,0.0,0.980550563103146,1.0037668943405151,,,,,,,,,,,,,,,,,,,,,,,,,,,,,
/content/drive/MyDrive/idl-project/eval/20261004-210726Z_B1_uncond_centre_D1_PLUS,B1_uncond_centre_D1_PLUS,D1_PLUS,centre,256,1.0,0.00390625,0.0,0.01171875,0.0,0.0,0.0,642.209246635437,inf,0.0897192107214587,0.0852544370195461,0.09427287925378679,0.021734413164413227,0.020857426058495436,0.022646258137081036,0.023013733642492595,0.02108197372043338,0.024788078347346705,0.03590258078137029,0.03424918205171349,0.03753968151305919,0.08992225573856358,0.08493673793021964,0.09476244777160737,0.13893509522782146,0.13262249290787625,0.14509993372529278,0.002729219389292252,0.0015250746970265992,0.004079243033452536,0.8511886788529737,0.8505743824200915,0.8518113745679203,0.0,0.0,0.0,0.30801630233387134,0.4914186243034349,0.91312919673209,0.07975719239977629,-3.7198976238906467,0.03198329336795444,0.0,1.0383207376385897,1.1958221197128296,,,,,,,,,,,,,,,,,,,,,,,,,,,,,
/content/drive/MyDrive/idl-project/eval/20261004-211912Z_B4_clamp_patch_D1_PLUS,B4_clamp_patch_D1_PLUS,D1_PLUS,patch,256,1.0,1.0,1.0,1.0,0.05078125,0.0234375,0.078125,661.5275793075562,50.88673686981201,0.05937177760456229,0.05474670617318831,0.06414739665132002,0.01676706514028141,0.015749791434299668,0.01781725361935732,0.016147776842332196,0.014412833049665728,0.018074019846999828,0.029932691515152286,0.02823232266081496,0.03161946046508283,0.06956565459949926,0.06457260614301918,0.07465725891186598,0.17294651900984886,0.1662674924288639,0.1792972376447766,0.004763754788168851,0.003365360316079813,0.006327054618860109,0.8500221990599954,0.8493976638221676,0.8506294632122519,0.0,0.0,0.0,0.27050246390352356,0.4466374756072832,0.8378819895108647,0.07082164467450901,-3.7137634800267607,0.032055074215726245,0.0,1.0230957535870757,1.0999354124069214,,,,,,,,,,,,,,,,,,,,,,,,,,,,,
/content/drive/MyDrive/idl-project/eval/20261004-213108Z_B5_repaint_patch_D1_PLUS,B5_repaint_patch_D1_PLUS,D1_PLUS,patch,256,1.0,1.0,1.0,1.0,0.046875,0.0234375,0.07421875,646.9369888305664,53.91141573588053,0.05872843311216484,0.05384576168634851,0.06410828459511878,0.015901402916587648,0.014917370444504356,0.01702585018202906,0.014035447920079694,0.012242691355346348,0.016004548279908454,0.027068652346343015,0.025419834836672626,0.02878303668103849,0.06448564415188338,0.059676123059905495,0.06950514207979344,0.17018140402275217,0.16277863295141362,0.17764628840503846,0.004753674154932013,0.0032409540002672466,0.006366237437524879,0.8501325393243342,0.8494257327520147,0.8508154232344667,0.0,0.0,0.0,0.27370276039203095,0.441843054079174,0.8388939185566213,0.07203640884580928,-3.714274958119533,0.034845825656147494,0.0,1.0475861562689508,1.1146512031555176,,,,,,,,,,,,,,,,,,,,,,,,,,,,,
/content/drive/MyDrive/idl-project/eval/20261004-214250Z_B5_repaint_host_D1_PLUS,B5_repaint_host_D1_PLUS,D1_PLUS,host,256,1.0,0.0,0.0,0.0,0.0,0.0,0.0,651.7823052406311,inf,0.07508353251316403,0.07025493692025946,0.08032727856482975,0.019464477810946776,0.018597303651902087,0.020467757477785318,0.01148549319052014,0.01052395617958254,0.012687730449272867,0.023839616113658486,0.02214130413038698,0.025457024931537998,0.04665649580061085,0.0425615476632102,0.050902298598012596,0.17984273948782853,0.17245917904353222,0.18734962233721456,0.00991594709532143,0.007923151655343753,0.011938469506747809,0.8493538754871718,0.8487161963647205,0.84999413759785,0.0,0.0,0.0,0.08807783337050373,0.10074567409940867,0.14405341699079585,0.010769193061263605,-3.6733285331493923,0.04527980442084277,0.0,1.1031263837241434,1.1398321390151978,,,,,,,,,,,,,,,,,,,,,,,,,,,,,
/content/drive/MyDrive/idl-project/eval/20261004-215445Z_cond_w0_centre_D1_PLUS,cond_w0_centre_D1_PLUS,D1_PLUS,centre,256,1.0,0.0703125,0.0390625,0.1015625,0.05078125,0.02734375,0.078125,640.7367327213287,49.28744097856375,0.06393608285048431,0.05917663737378991,0.06873455033444718,0.017164412710417222,0.01614325151910791,0.018186926401832733,0.020217893801228636,0.018458619888796716,0.022055239378120317,0.03213725645435595,0.03055350568857691,0.03386208884288792,0.07917122561772597,0.07445020990539893,0.0843277844598742,0.1450026354579879,0.13803891857193193,0.1514675372867892,0.0029816365466641204,0.0018197020240979913,0.0042941889557669664,0.8502592037797674,0.849577136142409,0.8509208828794316,0.0,0.0,0.0,0.2714534577828397,0.4379711670381131,0.819032579246004,0.0713212904492812,-3.7156582382199455,0.032435605980045884,0.0,1.0503151155190409,1.1385952234268188,,,,,,,,,,,,,,,,,,,,,,,,,,,,,
/content/drive/MyDrive/idl-project/eval/20261004-220620Z_cond_w2_centre_D1_PLUS,cond_w2_centre_D1_PLUS,D1_PLUS,centre,256,1.0,0.3671875,0.30859375,0.42578125,0.0390625,0.015625,0.0625,1221.5545823574066,122.15545823574067,0.0485020648759409,0.042912362105356254,0.053696380399367576,0.013834262902277284,0.012968384944247444,0.014735744098199392,0.018342478350999492,0.016601478070197268,0.02012132655393403,0.028873139650715633,0.027207014766062174,0.030443033516205618,0.06792897470672347,0.06349530237491505,0.07262140644568123,0.14482334600034222,0.13830322559007874,0.1511645960444923,0.004125168075650613,0.0026136923402189376,0.005854249542029586,0.8492255729970006,0.8485414862390765,0.8499041117652163,0.0,0.0,0.0,0.2710603465112849,0.4322318872286641,0.7984304830571075,0.06837814110503587,-3.7137212739417618,0.03263249315547973,0.0,1.0040061805726843,1.0765694379806519,,,,,,,,,,,,,,,,,,,,,,,,,,,,,
/content/drive/MyDrive/idl-project/eval/20261004-222736Z_cond_w0_host_D1_PLUS,cond_w0_host_D1_PLUS,D1_PLUS,host,256,1.0,0.05859375,0.03125,0.08984375,0.0234375,0.0078125,0.04296875,660.8167855739594,110.13613092899323,0.03968393279506989,0.03401037391776757,0.04606563436211622,0.014160562544764657,0.013124251778195855,0.015252891289454756,0.010656033293846436,0.00895526759950258,0.01254574852504515,0.022931374728733613,0.021214237809671868,0.024873302261362137,0.040225496587341245,0.03597843224364945,0.0447851195291732,0.16123700155130744,0.15590794519253634,0.16745730858596325,0.007764960534936227,0.005946813699253594,0.009668832450555994,0.8479906946196277,0.8472449078251707,0.8487149022432748,0.0,0.0,0.0,0.0667502164727715,0.08138680338121589,0.1403489957161271,0.007741635510219254,-3.676776449911614,0.04781881209754354,0.0,1.0406132640674337,1.0863028764724731,,,,,,,,,,,,,,,,,,,,,,,,,,,,,
/content/drive/MyDrive/idl-project/eval/20261004-223941Z_cond_w2_host_D1_PLUS,cond_w2_host_D1_PLUS,D1_PLUS,host,256,1.0,0.3203125,0.265625,0.37890625,0.04296875,0.01953125,0.0703125,1243.6698071956635,113.06089156324214,0.02898550064992746,0.021548382468530587,0.03771878984654973,0.012047982788182619,0.011134139840457871,0.013146190909600883,0.007464403484101805,0.0059589139883085155,0.009269353831226942,0.01674847242630794,0.015029577833039872,0.01846231721338927,0.028111065676365017,0.02362913896770148,0.03205547008249144,0.16101734645375615,0.15454366776398712,0.16708210532043552,0.009278073320467622,0.007039300365680478,0.011571812826157093,0.8471680453684699,0.8464453453395995,0.8478615216570886,0.0,0.0,0.0,0.07365588606811145,0.07083734525483767,0.12038742787126304,0.0074709916793177285,-3.6733403443826664,0.05090059004767952,0.0,1.0208560060666776,1.0585249662399292,,,,,,,,,,,,,,,,,,,,,,,,,,,,,
/content/drive/MyDrive/idl-project/eval/20261004-230129Z_hand_insert_D2,hand_insert_D2,D2,hand_insert,256,1.0,1.0,1.0,1.0,0.296875,0.2421875,0.35546875,57.10670709609985,0.7514040407381559,0.0865953184821675,0.07735078678937514,0.09544038562753843,0.0067171989534725255,0.005932527457384353,0.007749739873871741,0.0053493745233142665,0.004356198358102915,0.007154766484177842,0.006623469486411623,0.0053170669018878765,0.00832316134689441,0.014409681998489195,0.010350503451300034,0.019459625957820054,0.19579792897428222,0.18818395523211706,0.2032546256856028,0.03336665328811135,0.029128406748834792,0.037858195578441,0.8464140376089841,0.8457703389355492,0.847054469071956,0.0,0.0,0.0,0.06115834074611172,0.05911636460049946,0.0818115347124434,0.013469263111793138,-3.666652419184892,0.05506453841592286,0.0,1.0621481068574958,1.0435762405395508,85892908549.63515,1598309738.541793,3.1517298781475654e+17,0.018639969853173715,0.017389486423520107,0.020182996827357916,0.012682879585068647,0.011784258118715503,0.014068626004494692,0.02136551989894423,0.01992702107096624,0.022978887168825155,0.03159659452782375,0.02852153247396638,0.03458881356592913,0.0,0.0,0.0,0.288982214918844,0.2800791193642969,0.2981172065242248,0.3810487486132361,0.3628680358592887,0.3991888699840249,0.87890625,0.8359375,0.91796875,,
20261004-230349Z_floor_D2,floor,D2,,,,,,,,,,,,0.012961613437069619,0.008978737765451363,0.018922627625123298,0.0012465535873384202,0.001146731060589141,0.002078525214630191,0.002679862402582317,0.0020022941322220766,0.0036916642779382756,0.002908415244033631,0.0021254844057984204,0.0042284780374275705,0.0038618634450721754,0.003205751213215205,0.006291262959219055,0.0,0.0,0.0,0.010379156033982005,0.008859328310330306,0.011986414304785585,0.8487547754623934,0.8483502081690726,0.8491512404848761,0.0,0.0,0.0,0.06292329097942352,0.06658618677343825,0.11460842412470543,0.004792081063571157,-3.6806915074266477,0.04987136498775802,0.0,,,,,,,,,,,,,,,,,,,,,,,,,,,,,,floor (natural train vs natural test),512
/content/drive/MyDrive/idl-project/eval/20261004-230447Z_hand_insert_D1_MINUS,hand_insert_D1_MINUS,D1_MINUS,hand_insert,256,1.0,0.34375,0.28515625,0.40234375,0.0625,0.03515625,0.09375,57.78040146827698,3.611275091767311,0.0324863952545176,0.025863046535912326,0.039399635241600076,0.006142995816539616,0.005135061626919206,0.007331693361745636,0.008660273397981989,0.006994532827557553,0.010516378552829391,0.004647735315600065,0.003999032680036199,0.006049888906761043,0.014570075289883933,0.01229850744865323,0.019049978728436612,0.19653197527524754,0.18828868240502217,0.20529480793392157,0.01669988359770159,0.013405661600417599,0.020378795147991555,0.8467974098321265,0.8461575790370872,0.8474288250221855,0.0,0.0,0.0,0.06036638096424549,0.05513774762551088,0.08124797354275895,0.01424287117101634,-3.665886647920181,0.053975143554502884,0.0,0.9615872712634581,1.0123940706253052,298169691900.86017,794143386.2710701,1.2498001410894849e+23,0.026712290945068228,0.025579614778854422,0.02806487361817541,0.021045701994717846,0.019294168806828584,0.022827423634663127,0.0209829272919331,0.020059212921211714,0.0222361858587709,0.025788776478797543,0.023880788352268086,0.02866702513748618,0.0,0.0,0.0,0.34917309523600887,0.3414536003573654,0.35681886501534643,0.35011847618431935,0.33315771924980864,0.3680555118488002,0.921875,0.88671875,0.953125,,
20261004-230706Z_floor_D1_MINUS,floor,D1_MINUS,,,,,,,,,,,,0.015988554782440288,0.011092952788618242,0.021641507281663336,0.0023612734779200105,0.0017161165273286028,0.0033836595269866507,0.0034128719148921603,0.002566704857201916,0.004431884478612442,0.0031248403198839156,0.002468095210755699,0.004094267264390748,0.017315589907717702,0.013426729137966074,0.021506068389259513,0.0,0.0,0.0,0.010993616789162414,0.009511223357237211,0.012533034624271215,0.8495918859436487,0.8491348660543926,0.850039375993018,0.0,0.0,0.0,0.06292329097942352,0.06658618677343825,0.11460842412470543,0.004792081063571157,-3.6806915074266477,0.04987136498775802,0.0,,,,,,,,,,,,,,,,,,,,,,,,,,,,,,floor (natural train vs natural test),512
/content/drive/MyDrive/idl-project/eval/20261004-230801Z_hand_insert_D1_PLUS,hand_insert_D1_PLUS,D1_PLUS,hand_insert,256,1.0,1.0,1.0,1.0,0.015625,0.00390625,0.03125,68.38569927215576,17.09642481803894,0.08643636237314478,0.07699818983990268,0.09585535959904401,0.011882133180611966,0.010998410101868309,0.012915349363312817,0.00631870858293695,0.005545185038148001,0.0077551842634809316,0.008809791800423274,0.007453614507916927,0.010387490528592688,0.01876251455928913,0.014331916934542874,0.023615131122841443,0.22010381726652967,0.21209219991252315,0.22873394673440967,0.0239142921246031,0.020457501220515772,0.02746402548163378,0.8469600705167672,0.8463039394596062,0.8476097325288063,0.0,0.0,0.0,0.05565815349634089,0.05263135424269672,0.08318472394999107,0.011393935138672692,-3.6687305345710666,0.055557484440189334,0.0,1.0736354797486198,1.0816761255264282,1328380799029.6465,26651523.649602618,2836130169639.975,0.018451669387098513,0.017498447623300512,0.01956414674451984,0.02302152945054865,0.02124005184849162,0.02484821763603148,0.026999518135761975,0.02554524222939439,0.02854778141513246,0.029379991808891757,0.02683422174720062,0.0324023540862539,0.0,0.0,0.0,0.33582976211896987,0.3274219780524607,0.3443758637708652,0.4341411104139669,0.41798630665390957,0.45004424095612683,0.8515625,0.8046875,0.89453125,,
20261004-231032Z_floor_D1_PLUS,floor,D1_PLUS,,,,,,,,,,,,0.018270875561993378,0.013733601147297768,0.023746508516414522,0.0022891258433308044,0.001980905230438269,0.00291974674706909,0.001967988064500345,0.001458165737212018,0.002962077546574796,0.0027507456956658597,0.0019257519979461206,0.004082861432987503,0.0034889929548760808,0.002844037636942995,0.0064985895290767814,0.0,0.0,0.0,0.006819385422541895,0.005554182376281147,0.008148420080957525,0.8486551313310294,0.8482582735782168,0.8490557588776332,0.0,0.0,0.0,0.06292329097942352,0.06658618677343825,0.11460842412470543,0.004792081063571157,-3.6806915074266477,0.04987136498775802,0.0,,,,,,,,,,,,,,,,,,,,,,,,,,,,,,floor (natural train vs natural test),512
/content/drive/MyDrive/idl-project/eval/20261004-231335Z_local_melt_quench_D2,local_melt_quench_D2,D2,local_melt_quench,256,1.0,0.0546875,0.02734375,0.08203125,0.05078125,0.02734375,0.078125,842.29314494133,64.79178038010231,0.06509036394993478,0.055627307194784474,0.07436036751587753,0.006082289472207562,0.005314850893910409,0.007231630691119186,0.005376966394131046,0.004586453751290808,0.0068119285817300436,0.005873447661063909,0.004694944227155932,0.007769370173048991,0.01769587939242725,0.01291814832974248,0.0228624449930987,0.10377893710717505,0.0977441281748572,0.10970618534228341,0.01994283542695656,0.016287690100280666,0.023853136479826703,0.8477250199112376,0.8470922678772861,0.8483448138097298,0.0,0.0,0.0,0.06625586866464818,0.061417921853476776,0.10217454767993714,0.012605001194187029,-3.667544500456498,0.054279125186073,0.0,1.0694769342310326,1.0410257577896118,,,,,,,,,,,,,,,,,,,,,,,,,,,,,
/content/drive/MyDrive/idl-project/eval/20261004-232153Z_local_melt_quench_D1_MINUS,local_melt_quench_D1_MINUS,D1_MINUS,local_melt_quench,256,1.0,0.01171875,0.0,0.02734375,0.0,0.0,0.0,850.5730984210968,inf,0.024101833493631767,0.018823007478584022,0.030690510801251455,0.005866169915965742,0.004983884570784702,0.0069429131784432925,0.009504935223114575,0.007537346860873201,0.011485795209704962,0.005021382033009572,0.0038979252314516994,0.007033520993677983,0.01432872959360382,0.011179740057904996,0.018285368130682014,0.10798446434975491,0.1015728573080825,0.11436299872668337,0.007101117376070233,0.005320129199200604,0.008975550036407907,0.8477085653638483,0.8470919093690926,0.8483206402951196,0.0,0.0,0.0,0.060188625574111775,0.05944370706609757,0.0958130016125892,0.012882744186108084,-3.6673105247461892,0.05038918668659469,0.0,0.9708411163941197,1.0088144540786743,,,,,,,,,,,,,,,,,,,,,,,,,,,,,
/content/drive/MyDrive/idl-project/eval/20261004-233016Z_local_melt_quench_D1_PLUS,local_melt_quench_D1_PLUS,D1_PLUS,local_melt_quench,256,1.0,0.00390625,0.0,0.01171875,0.0078125,0.0,0.01953125,851.5917086601257,425.79585433006287,0.08164172163363906,0.0733669564433713,0.09007030722229686,0.011843343870326442,0.011015531013306743,0.012844791276259735,0.0076294663514426195,0.006714256564183316,0.009247859404112498,0.008927974849924006,0.007636013346765429,0.010260358620673829,0.021050016938920193,0.016795502836810885,0.025920557428363713,0.10798446434975491,0.1015728573080825,0.11436299872668337,0.018101834606681765,0.015064465089983482,0.021426356234282434,0.8477085653638483,0.8470919093690926,0.8483206402951196,0.0,0.0,0.0,0.060188625574111775,0.05944370706609757,0.0958130016125892,0.012882744186108084,-3.6673105247461892,0.05038918668659469,0.0,1.0757342008951782,1.0873771905899048,,,,,,,,,,,,,,,,,,,,,,,,,,,,,
