step,seconds,train_loss,val_0.02,val_0.1,val_0.3,val_0.5
1000,268,0.0660346,0.000350104,0.00752567,0.0782719,0.239965
2000,539,0.0628494,0.000433823,0.00445217,0.0650845,0.226457
3000,811,0.0628819,0.000373201,0.00346866,0.0624038,0.22315
4000,1082,0.0642374,0.000283526,0.0031612,0.0612268,0.222161
5000,1353,0.0627235,0.000227631,0.00302047,0.0603672,0.221648
6000,1624,0.0623587,0.000196931,0.00287217,0.0597217,0.221289
7000,1895,0.0608331,0.000178173,0.00275683,0.059276,0.22104
8000,2166,0.0614846,0.000161725,0.00266683,0.0589472,0.220892
9000,2437,0.0612722,0.000149565,0.00259254,0.0587148,0.220797
10000,2709,0.0614864,0.00014125,0.00253352,0.0585259,0.220727
11000,2978,0.0613155,0.000134984,0.00248665,0.0583464,0.220634
12000,3249,0.0605694,0.000131015,0.00244612,0.0581686,0.220563
13000,3520,0.0606948,0.000128347,0.00241149,0.0579929,0.220499
14000,3790,0.0616308,0.000126693,0.00238257,0.0578122,0.220443
15000,4061,0.0612764,0.000125325,0.00235659,0.0576483,0.220358
16000,4331,0.0607355,0.000124139,0.00233224,0.0574865,0.2203
17000,4601,0.060627,0.000123022,0.00231152,0.0573308,0.220263
18000,4872,0.061312,0.000122239,0.0022932,0.0571698,0.220224
19000,5143,0.0602659,0.000121725,0.0022758,0.0570063,0.220185
20000,5414,0.0606406,0.000121236,0.00225875,0.0568408,0.220151
21000,5685,0.059867,0.000121104,0.00224332,0.0566656,0.220127
22000,5957,0.0603873,0.000120967,0.0022264,0.0565017,0.220098
23000,6229,0.0600395,0.000120804,0.0022083,0.0563554,0.220083
24000,6500,0.0616114,0.00012031,0.00219265,0.0562253,0.220061
25000,6772,0.0603547,0.000119766,0.00217848,0.0561074,0.220047
26000,7044,0.0606283,0.000119404,0.0021644,0.0559968,0.220033
27000,7315,0.0603752,0.000118989,0.00215223,0.0558936,0.219984
28000,7587,0.0607293,0.000118474,0.00214025,0.055798,0.219944
29000,7859,0.0595314,0.000117912,0.00212878,0.0557131,0.219934
30000,8131,0.0594443,0.000117348,0.00211726,0.0556248,0.219907
31000,8402,0.0591967,0.000116777,0.00210646,0.0555427,0.219876
32000,8673,0.0610892,0.000116039,0.00209647,0.0554774,0.219866
33000,8944,0.0598558,0.0001154,0.00208686,0.0553897,0.219835
34000,9215,0.0597691,0.000114737,0.00207769,0.0552977,0.219819
35000,9486,0.0599781,0.000114439,0.00206805,0.0552132,0.219808
36000,9757,0.0600397,0.000114204,0.00205948,0.05513,0.219783
37000,10028,0.0604497,0.000113801,0.00205052,0.0550606,0.219797
38000,10300,0.0591298,0.000113231,0.0020435,0.0549806,0.219784
39000,10571,0.0593836,0.000112802,0.00203498,0.0549132,0.219792
40000,10843,0.0591865,0.000112388,0.00202698,0.05485,0.219773
